,k_name,cup
0,愛あいり,J cup
1,愛奏,I cup
2,愛みこ,D cup
3,藍ゆうき,B cup
4,あいはら優,D cup
5,愛内久美子,?? cup
6,相内しおり,D cup
7,相内つかさ,H cup
8,愛内希,B cup
9,愛内ひな,E cup
10,愛内ゆず,C cup
11,相内リカ,H cup
12,愛内梨花,E cup
13,アイカ,F cup
14,あいか,F cup
15,藍花,E cup
16,AIKA,D cup
17,愛花沙也,D cup
18,あいか瞬,G cup
19,愛川香織,D cup
20,愛川京香,D cup
21,愛川咲樹,D cup
22,愛川知香,F cup
23,相川奈々,E cup
24,愛川のあ,J cup
25,哀川真奈美,D cup
26,愛川美里菜,C cup
27,愛川めい,?? cup
28,あいかわ優衣,C cup
29,相川優,C cup
30,哀川りん,F cup
31,相川るい,D cup
32,藤咲葵,D cup
33,愛咲えりな,?? cup
34,相崎琴音,C cup
35,愛咲MIU,B cup
36,愛咲れいら,C cup
37,相崎真希,E cup
38,相沢真希,E cup
39,相沢えみり,D cup
40,愛沢かな,C cup
41,相澤京香,C cup
42,相沢夏海,?? cup
43,相沢奈菜,F cup
44,愛沢寧々,D cup
45,相沢遥,B cup
46,相澤ハルナ,D cup
47,愛沢ひな,C cup
48,藍澤舞音,?? cup
49,愛沢美奈,F cup
50,愛澤めぐみ,F cup
51,合沢萌,D cup
52,相沢桃,G cup
53,相沢もも,G cup
54,相沢唯衣,F cup
55,相澤唯衣,F cup
56,相沢優,C cup
57,相沢ゆう,K cup
58,逢澤ゆうり,C cup
59,相澤リナ,G cup
60,逢沢なお,I cup
61,愛澤レミ,B cup
62,愛沢蓮,D cup
63,愛嶋リーナ,E cup
64,愛澄玲花,D cup
65,あいださくら,C cup
66,相田さやか,F cup
67,相田紗耶香,F cup
68,相田すみれ,H cup
69,愛田奈々,E cup
70,相田まい,F cup
71,逢田みなみ,E cup
72,あいだゆあ,E cup
73,相田結衣,C cup
74,相田ゆう,B cup
75,相田由美,F cup
76,会田由美,D cup
77,愛田るか,D cup
78,相戸愛,E cup
79,愛斗ゆうき,C cup
80,相那裕美,B cup
81,愛那梨華,E cup
82,愛菜りな,E cup
83,藍那りり,C cup
84,亜衣奈りん,F cup
85,愛音まひろ,C cup
86,愛音麻友,C cup
87,愛音ゆう,B cup
88,愛音ゆり,C cup
89,愛乃,H cup
90,愛乃彩音,F cup
91,逢乃うさぎ,F cup
92,あいの詩,C cup
93,愛乃くるみ,?? cup
94,藍野夢,H cup
95,愛乃ラム,E cup
96,愛乃ララ,E cup
97,愛乃みやび,D cup
98,相馬あけみ,F cup
99,相庭ココ,?? cup
100,愛葉渚,C cup
101,愛場渚,C cup
102,相刀鈴,H cup
103,愛葉るび,D cup
104,相原彩花,F cup
105,愛原えり,H cup
106,愛原エレナ,C cup
107,愛原さえ,F cup
108,相原紗英,F cup
109,愛原さくら,D cup
110,相原さつき,E cup
111,愛原千咲,A cup
112,愛原つばさ,D cup
113,相原なるみ,E cup
114,藍原妃美香,D cup
115,相原結衣,D cup
116,藍原夕妃,B cup
117,愛原梨央,D cup
118,愛原理彩,E cup
119,相原れな,C cup
120,あいぶらん,J cup
121,相武理沙,E cup
122,愛間みるく,C cup
123,あいみ,D cup
124,愛海,E cup
125,愛実,J cup
126,愛海一夏,D cup
127,あいみ沙希,D cup
128,相本恵利,D cup
129,アイラ,C cup
130,あいら,D cup
131,愛良ひより,D cup
132,愛里ひな,D cup
133,愛璃みい,C cup
134,愛伊里みお,D cup
135,愛流星奈,E cup
136,葵あげは,C cup
137,葵うさぎ,D cup
138,葵えみり,C cup
139,あおい桜子,C cup
140,蒼井そら,G cup
141,葵ちひろ,C cup
142,葵つかさ,E cup
143,葵なつ,E cup
144,葵のぞみ,C cup
145,蒼井はな,D cup
146,葵はるか,E cup
147,蒼井はるか,C cup
148,蒼吹雪,D cup
149,葵ぶるま,G cup
150,青井マリ,D cup
151,葵まりあ,C cup
152,葵みのり,B cup
153,葵みんと,E cup
154,蒼井リラ,C cup
155,蒼井りんご,?? cup
156,葵るり,D cup
157,蒼井怜,E cup
158,Aoi.,E cup
159,青木恭子,B cup
160,青木純奈,F cup
161,青木瀬奈,C cup
162,青木菜摘,E cup
163,蒼木マナ,D cup
164,青木まゆみ,E cup
165,青木美空,C cup
166,青木みく,C cup
167,青木美里,D cup
168,青木梨花,C cup
169,青木りかこ,C cup
170,青木莉子,G cup
171,青木リン,K cup
172,青木りん,K cup
173,青木玲,E cup
174,青木礼子,D cup
175,青空小夏,G cup
176,青田ひかり,B cup
177,蒼月ひかり,E cup
178,青野詩織,F cup
179,蒼乃幸恵,G cup
180,蒼葉ゆめ,B cup
181,青柳早希子,D cup
182,青山愛,D cup
183,青山葵,I cup
184,青山亜里沙,D cup
185,青山ありさ,D cup
186,青山エレナ,F cup
187,青山くるみ,C cup
188,青山沙希,E cup
189,青山さつき,F cup
190,青山小百合,D cup
191,青山奈津子,D cup
192,青山菜々,I cup
193,青山遥,C cup
194,青山ひかる,B cup
195,青山ひより,E cup
196,青山まゆ,C cup
197,青山翠,C cup
198,藍山みなみ,C cup
199,青山ゆい,I cup
200,青山ゆかり,C cup
201,青山雪菜,E cup
202,青山葉子,F cup
203,青山莉亜,D cup
204,青山りん,C cup
205,青山るみ,?? cup
206,青山れあ,I cup
207,青山レイ,D cup
208,青山ローラ,B cup
209,紅りんご,G cup
210,赤石ゆう,C cup
211,赤堀えみ,E cup
212,赤堀由衣,C cup
213,あがさ塔子,D cup
214,赤坂エレナ,C cup
215,赤坂なつみ,D cup
216,赤坂ナツミ,D cup
217,赤坂まゆか,D cup
218,赤坂みなみ,?? cup
219,赤坂ルナ,C cup
220,明石翼,C cup
221,明石洋子,C cup
222,明石陽子,C cup
223,紅月ルナ,E cup
224,赤西ケイ,D cup
225,赤西涼,E cup
226,茜笑美,D cup
227,茜しおん,B cup
228,紅音ほたる,E cup
229,紅音まい,D cup
230,朱音ゆい,H cup
231,明佐奈,D cup
232,あかり優,E cup
233,明乃夕奈,F cup
234,明乃夕菜,F cup
235,AKI,D cup
236,秋川かすみ,E cup
237,秋川真理,E cup
238,秋川りお,I cup
239,秋川理央,I cup
240,秋川ルイ,J cup
241,秋田なつみ,D cup
242,秋津薫,C cup
243,秋月彩乃,G cup
244,秋月杏奈,E cup
245,秋月まひる,C cup
246,秋月芽衣,E cup
247,秋月めい,E cup
248,秋月玲奈,C cup
249,秋月れいな,C cup
250,あき奈,D cup
251,亜希菜,D cup
252,AKINA,E cup
253,明菜こう,?? cup
254,秋野シフォン,D cup
255,秋野千尋,G cup
256,秋乃ひとみ,D cup
257,秋乃マロン,F cup
258,秋野夕日,F cup
259,秋本彩,E cup
260,秋本詩音,?? cup
261,秋本純菜,D cup
262,秋元純菜,D cup
263,秋本麻衣,F cup
264,秋元真希,D cup
265,秋元まゆ花,D cup
266,秋元美由,B cup
267,秋元優奈,D cup
268,秋本優奈,D cup
269,秋元ゆり,?? cup
270,秋山恵美,D cup
271,秋山京子,H cup
272,秋山祥子,E cup
273,秋山奈奈,C cup
274,秋山真理,E cup
275,秋山よし乃,E cup
276,秋山利奈,D cup
277,秋山礼子,D cup
278,秋吉智子,F cup
279,秋吉ひな,G cup
280,秋吉里香,E cup
281,晶エリー,D cup
282,阿久津ルミ,?? cup
283,あくび,E cup
284,亜華羽,?? cup
285,あげは,?? cup
286,ageha,?? cup
287,アゲハ,C cup
288,上葉あおい,C cup
289,上葉裕子,C cup
290,麻井淳子,E cup
291,浅井千尋,C cup
292,浅井優子,C cup
293,浅尾結衣,D cup
294,浅尾リカ,D cup
295,浅岡沙希,G cup
296,浅岡沙季,G cup
297,浅丘早苗,G cup
298,朝丘舞,C cup
299,朝丘まりん,G cup
300,朝丘未久,E cup
301,朝丘南,C cup
302,朝岡実嶺,C cup
303,浅井舞香,E cup
304,浅香ゆき,C cup
305,朝香涼,E cup
306,赤坂アスカ,E cup
307,浅唐あく美,G cup
308,朝川ひかる,B cup
309,朝河蘭,D cup
310,麻川麗,G cup
311,朝木めい,I cup
312,朝木メイ,I cup
313,朝桐光,F cup
314,朝霧一花,F cup
315,朝霧かすみ,G cup
316,朝霧なつこ,G cup
317,朝霧真央,A cup
318,浅倉彩音,F cup
319,浅倉綾音,F cup
320,浅倉ケイ,F cup
321,朝倉ことみ,A cup
322,朝倉なつき,F cup
323,朝倉菜摘,D cup
324,朝倉なほ,E cup
325,浅倉まい,E cup
326,浅倉舞,E cup
327,朝倉まい,E cup
328,朝倉舞,E cup
329,麻倉まみ,E cup
330,浅倉麻耶,B cup
331,朝倉まりあ,G cup
332,朝倉海音,B cup
333,浅倉美優,D cup
334,浅倉みらい,E cup
335,亜佐倉みんと,H cup
336,麻倉優,C cup
337,麻倉憂,C cup
338,朝倉夢,C cup
339,浅田希美代,E cup
340,浅田純子,D cup
341,浅田千恵,C cup
342,浅田ちち,K cup
343,朝田ばなな,?? cup
344,浅田ひなた,F cup
345,浅田真美,G cup
346,浅田みお,E cup
347,浅田美姫,C cup
348,麻田有希,D cup
349,浅田りか,D cup
350,朝霞舞,C cup
351,安里祐加,C cup
352,浅乃かこ,?? cup
353,浅野さやか,B cup
354,浅野のぞみ,D cup
355,浅乃ハルミ,H cup
356,浅野美希,B cup
357,浅之美波,C cup
358,浅野柚奈,B cup
359,浅野りか,C cup
360,浅野恋,B cup
361,朝日かりん,G cup
362,朝日奈あかり,E cup
363,朝比奈あかり,E cup
364,朝比奈さき,E cup
365,朝比奈茉里菜,E cup
366,朝比奈ゆい,E cup
367,朝比奈莉央,?? cup
368,朝比奈りり子,D cup
369,麻布レオナ,C cup
370,浅間アリス,H cup
371,浅間さき,G cup
372,麻美あゆな,?? cup
373,浅見香織,E cup
374,浅見伽椰,F cup
375,浅見菜穂,B cup
376,浅海成亜,G cup
377,あざみねね,?? cup
378,あざみねね,G cup
379,麻美ゆい,E cup
380,麻見優,H cup
381,麻生由真,H cup
382,麻美ゆま,H cup
383,麻宮かりん,?? cup
384,麻宮美姫,G cup
385,芦名未帆,G cup
386,芦屋あかね,C cup
387,芦屋のりこ,G cup
388,あすか,G cup
389,ASUKA,G cup
390,あすか伊央,D cup
391,明日花キララ,G cup
392,あすかみみ,D cup
393,あすかりの,D cup
394,飛鳥れい,?? cup
395,梓ユイ,G cup
396,あずま樹,E cup
397,あづま樹,E cup
398,東琴乃,G cup
399,東千津子,D cup
400,東千夏,D cup
401,安住友紀,D cup
402,安住涼子,E cup
403,あずみ恋,D cup
404,安住若菜,I cup
405,麻生香月,F cup
406,麻生京子,D cup
407,麻生まりも,I cup
408,麻生岬,F cup
409,麻生めぐ,D cup
410,安達真琴,D cup
411,安達真実,?? cup
412,阿立未来,C cup
413,安達有里,D cup
414,安達莉子,D cup
415,安達みずほ,C cup
416,＠You,G cup
417,吾妻かおり,D cup
418,あとみるみ,?? cup
419,あのあるる,F cup
420,安部ちなつ,F cup
421,阿部菜津子,G cup
422,安倍ひかり,D cup
423,安部まりあ,?? cup
424,阿部ゆかり,G cup
425,甘衣かおり,E cup
426,甘衣ここあ,J cup
427,甘衣みつ,E cup
428,天衣みつ,E cup
429,あまいももか,F cup
430,天川るる,E cup
431,天霧真世,E cup
432,天咲めい,I cup
433,天使美樹,C cup
434,天使もえ,D cup
435,甘南ミオ,D cup
436,天音エミル,D cup
437,雨音しおん,F cup
438,天音しずく,B cup
439,天音まりあ,G cup
440,天乃みお,D cup
441,天海いずみ,D cup
442,天海つばさ,E cup
443,天海遥,C cup
444,天海ゆう,D cup
445,天海ゆり,E cup
446,天海るい,?? cup
447,天音るか,G cup
448,天海麗,D cup
449,雨音レイラ,D cup
450,雨宮亜矢子,F cup
451,雨宮かおり,E cup
452,雨宮かおる,E cup
453,雨宮琴音,E cup
454,雨宮沙希,C cup
455,雨宮せつな,C cup
456,雨宮真貴,D cup
457,天宮まなみ,D cup
458,天宮まりる,C cup
459,雨宮まりる,C cup
460,あまみやゆう,E cup
461,雨宮優美,D cup
462,AMI,?? cup
463,Ami,F cup
464,安室奈美,C cup
465,あや,C cup
466,絢,C cup
467,Aya,C cup
468,AYA,C cup
469,あや,E cup
470,彩香,?? cup
471,AYAKA,C cup
472,彩香おりさ,?? cup
473,あやか,I cup
474,綾香,I cup
475,彩花ゆめ,D cup
476,彩佳リリス,H cup
477,綾川早希,C cup
478,菊川瑠璃,C cup
479,彩倉なほ,?? cup
480,彩倉ゆり,E cup
481,綾城京子,D cup
482,綾瀬しおり,D cup
483,綾瀬ティアラ,E cup
484,綾瀬はるな,D cup
485,綾瀬みう,?? cup
486,綾瀬みくる,C cup
487,綾瀬みさ,F cup
488,綾瀬美都,D cup
489,綾瀬みなみ,?? cup
490,綾瀬メグ,F cup
491,あやせめる,D cup
492,綾瀬ゆうか,C cup
493,綾瀬留美,D cup
494,綾瀬るみ,E cup
495,綾瀬れん,H cup
496,彩名杏子,F cup
497,彩名ゆい,E cup
498,綾波セナ,F cup
499,綾波奈穂,D cup
500,綾波優,C cup
501,彩音心愛,E cup
502,彩音しゅり,?? cup
503,彩音まい,H cup
504,彩音リカ,C cup
505,綾乃,H cup
506,綾乃梓,G cup
507,あやの沙希,D cup
508,彩乃なな,D cup
509,綾野みゆき,D cup
510,綾部いぶき,D cup
511,純真,C cup
512,ayami,E cup
513,あやみ旬果,D cup
514,綾峰しおり,F cup
515,綾女,F cup
516,あやめさくら,D cup
517,あやめ美桜,D cup
518,鮎川あみ,E cup
519,鮎川あゆみ,I cup
520,鮎川香織,C cup
521,鮎川翔子,E cup
522,鮎川なお,E cup
523,鮎川真琴,C cup
524,鮎川まどか,E cup
525,鮎川るい,H cup
526,鮎川流衣,H cup
527,歩原らいと,C cup
528,亜弓つばさ,D cup
529,亜弓つばさ,D cup
530,あゆむ,C cup
531,荒井えみ,E cup
532,新井エリー,D cup
533,新井知恵,F cup
534,荒井美恵子,E cup
535,新垣さくら,F cup
536,新垣里子,D cup
537,新垣さや,F cup
538,新垣美緒,D cup
539,荒川るみ,C cup
540,荒木ありさ,F cup
541,荒木瞳,G cup
542,荒木優樹菜,C cup
543,あらきれいこ,H cup
544,荒木レイコ,H cup
545,荒木玲子,H cup
546,荒木礼子,H cup
547,荒木れいこ,H cup
548,荒木レミ,C cup
549,亜梨,G cup
550,有川千明,C cup
551,阿利希カレラ,D cup
552,阿利希キリア,D cup
553,ありさ,C cup
554,ありさ,E cup
555,ARISA,F cup
556,アリサ,F cup
557,愛梨沙,C cup
558,有坂未央,D cup
559,有沢セナ,D cup
560,有沢実紗,H cup
561,有沢りさ,H cup
562,Alice,C cup
563,アリス,C cup
564,有栖川志乃,E cup
565,有永すずか,H cup
566,有馬ひかり,I cup
567,有馬めぐみ,F cup
568,有村千佳,C cup
569,有村桃,C cup
570,有村紫,?? cup
571,有森理美,E cup
572,有安真里,E cup
573,有吉奈生子,C cup
574,泡乃しずく,E cup
575,杏あづさ,G cup
576,杏あずさ,G cup
577,杏美月,I cup
578,杏紅茶々,D cup
579,安西アキ,D cup
580,安西あき,D cup
581,安西恵美,D cup
582,安西カルラ,F cup
583,安西優子,E cup
584,安西ゆな,E cup
585,安西瑠菜,D cup
586,安西玲子,C cup
587,杏珠,C cup
588,杏樹,G cup
589,杏樹紗奈,E cup
590,杏樹そら,D cup
591,安城アンナ,C cup
592,あんずさき,D cup
593,杏子ゆう,D cup
594,安藤アゲハ,C cup
595,安藤あゆみ,C cup
596,安堂エリカ,C cup
597,安藤沙耶,C cup
598,安藤さやか,G cup
599,安藤朋絵,H cup
600,杏堂なつ,E cup
601,杏童なつ,E cup
602,安藤なつ妃,D cup
603,安藤遥,D cup
604,安藤真央,C cup
605,安堂結衣,B cup
606,杏堂ゆう,J cup
607,安藤ゆみ,F cup
608,安藤莉奈,F cup
609,アンナ,F cup
610,あんなさくら,D cup
611,安野つばさ,D cup
612,杏野まひる,F cup
613,杏野みつ,C cup
614,杏野るり,C cup
615,アンリ,E cup
616,飯倉えりか,D cup
617,飯倉美奈子,E cup
618,飯沢もも,D cup
619,飯島愛,E cup
620,飯島愛子,D cup
621,飯島彩,D cup
622,飯島くらら,E cup
623,飯島なつき,G cup
624,飯島夏希,G cup
625,飯島真理愛,D cup
626,飯島みゆき,C cup
627,飯島ゆりな,D cup
628,飯田さやか,C cup
629,飯田れな,F cup
630,飯塚いずみ,E cup
631,飯塚マナ,D cup
632,飯塚マリア,C cup
633,伊織,O cup
634,伊織涼子,F cup
635,五十嵐晶子,E cup
636,五十嵐こころ,C cup
637,五十嵐しのぶ,F cup
638,井川かなえ,?? cup
639,伊川なち,?? cup
640,井川はるか,B cup
641,井川美保,G cup
642,衣川由衣,E cup
643,井川優子,F cup
644,井川りりか,?? cup
645,井川留美,F cup
646,井川るい,D cup
647,生稲さゆり,D cup
648,生田サオリ,C cup
649,生田沙織,C cup
650,井熊理奈,B cup
651,池内あこ,E cup
652,池内ゆかり,B cup
653,池内莉奈,F cup
654,池上かんな,D cup
655,池上ゆみか,F cup
656,池上由美香,F cup
657,池口かずみ,F cup
658,池田美和子,G cup
659,池野瞳,C cup
660,池乃内るり,D cup
661,池端あやめ,C cup
662,池端綾子,C cup
663,伊沢淳子,D cup
664,伊沢千夏,B cup
665,伊澤麻梨子,C cup
666,伊沢美香,G cup
667,伊沢美春,G cup
668,井沢美春,G cup
669,伊沢美晴,G cup
670,いざわりょうこ,D cup
671,伊沢涼子,D cup
672,石井えりな,D cup
673,石井麻奈美,G cup
674,石井麗奈,C cup
675,石岡景子,D cup
676,石岡琴美,D cup
677,石川えみ,C cup
678,石川エリ,I cup
679,石川江梨子,F cup
680,石川さとこ,E cup
681,石川鈴華,F cup
682,石川麻矢,C cup
683,石川みずき,F cup
684,石川美穂,C cup
685,石川めぐみ,F cup
686,石川有子,E cup
687,石川里菜,F cup
688,石川りな,F cup
689,石川流花,D cup
690,石川ちはる,E cup
691,一色ほなみ,F cup
692,石倉えいみ,D cup
693,石倉純子,D cup
694,石黒京香,C cup
695,石黒セリ,L cup
696,石黒れみ,D cup
697,石坂ミュウ,E cup
698,石田えりこ,E cup
699,石田みさき,D cup
700,石田みよ,E cup
701,石田ゆりあ,G cup
702,石田れいな,C cup
703,石田美紀,B cup
704,石野かれん,D cup
705,石橋なおみ,F cup
706,石原こと,G cup
707,石原琴美,G cup
708,石原小百合,C cup
709,石原ちか,B cup
710,石原夏樹,B cup
711,石原町子,D cup
712,石原よしえ,E cup
713,石原莉奈,D cup
714,伊島香織,F cup
715,石松実奈子,C cup
716,いすず,H cup
717,泉星香,C cup
718,和泉千里,F cup
719,泉貴子,E cup
720,和泉千佳,B cup
721,泉麻那,D cup
722,泉まりん,C cup
723,泉百合,E cup
724,出雲千尋,E cup
725,五十川みどり,E cup
726,磯口彩音,D cup
727,磯野金魚,D cup
728,磯野徠夢,H cup
729,板垣あずさ,E cup
730,板垣梓,E cup
731,板倉幸江,G cup
732,板野友代,B cup
733,市井もも,G cup
734,ICHIKA,D cup
735,市川つぐみ,C cup
736,市川まほ,C cup
737,市来美保,M cup
738,苺みるく,C cup
739,一条愛美,F cup
740,一条楓,D cup
741,一条真生,E cup
742,一条梨乃,D cup
743,一ノ瀬あきら,F cup
744,市ノ瀬明日香,?? cup
745,一ノ瀬アメリ,E cup
746,一ノ瀬カレン,C cup
747,一ノ瀬かれん,C cup
748,一ノ瀬ゆき,G cup
749,一ノ瀬由美,D cup
750,一ノ瀬れいな,F cup
751,一戸のぞみ,G cup
752,市松さゆり,E cup
753,一夜かずみ,F cup
754,いつか,C cup
755,樹花凜,C cup
756,樹まり子,D cup
757,樹若菜,B cup
758,一色あずさ,F cup
759,一色彩,D cup
760,一色エレナ,H cup
761,一色志乃,E cup
762,一色百音,G cup
763,伊東あいり,E cup
764,伊藤青葉,A cup
765,伊藤あずさ,D cup
766,伊東エリ,C cup
767,伊藤英玲奈,G cup
768,伊藤かれん,D cup
769,伊藤かれん,E cup
770,伊東さゆり,D cup
771,伊藤志穂,C cup
772,伊東ちかほ,C cup
773,伊東菜々,G cup
774,伊東遥,C cup
775,伊藤春香,G cup
776,伊藤はるな,D cup
777,伊藤春菜,D cup
778,伊藤まなみ,B cup
779,伊藤まり,D cup
780,伊東美姫,?? cup
781,伊藤結衣,D cup
782,伊藤ゆい,G cup
783,伊藤ゆう,G cup
784,伊藤優香,E cup
785,伊東ユリア,?? cup
786,伊藤ユリエ,C cup
787,伊東怜,D cup
788,伊藤和香,?? cup
789,伊藤絢子,C cup
790,糸川まみる,C cup
791,糸崎あずみ,B cup
792,糸矢めい,B cup
793,稲垣那祐佳,H cup
794,稲沢綾,C cup
795,稲葉美紀,D cup
796,稲見亜矢,E cup
797,稲本エリカ,C cup
798,稲本ちえみ,?? cup
799,稲森亜美,D cup
800,稲森エリカ,C cup
801,稲森エレナ,G cup
802,稲森ケイ,G cup
803,稲森ケイト,G cup
804,稲盛琴,G cup
805,稲森琴,G cup
806,稲森しほ,E cup
807,稲森しほり,G cup
808,稲森のぞみ,F cup
809,稲森雪乃,E cup
810,稲森麗奈,C cup
811,伊乃愛華,F cup
812,井上明日香,?? cup
813,井上彩華,D cup
814,井上佳澄,E cup
815,井上千尋,G cup
816,井上ヒカル,D cup
817,井上舞,C cup
818,井上まさみ,E cup
819,井上美羽,C cup
820,井川ゆい,B cup
821,いぶき,D cup
822,伊吹さやか,C cup
823,伊吹まひろ,D cup
824,伊吹稟,F cup
825,伊吹れい,C cup
826,伊吹怜,C cup
827,今井かのん,?? cup
828,今井早紀,B cup
829,今井さくら,D cup
830,今井つかさ,D cup
831,今井なつみ,E cup
832,今井ひろの,D cup
833,今井みずき,C cup
834,今井もも,F cup
835,今井ゆり,D cup
836,今野由愛,C cup
837,今宮せつな,C cup
838,今村美穂,E cup
839,入江ゆみ,E cup
840,岩井安奈,B cup
841,岩井つかさ,D cup
842,岩佐めい,D cup
843,岩崎彩菜,B cup
844,岩崎せり,C cup
845,岩崎千鶴,F cup
846,岩崎美穂,D cup
847,岩下いづみ,D cup
848,岩下えり,F cup
849,岩下美季,D cup
850,岩城沙織,?? cup
851,岩田ななみ,C cup
852,岩月理恵,E cup
853,岩間早苗,E cup
854,岩本あい,C cup
855,上園るか,E cup
856,上戸亜美,C cup
857,上戸彩乃,C cup
858,上戸さや,C cup
859,上戸恵,D cup
860,上野綾,?? cup
861,上野みき,D cup
862,上野美咲,C cup
863,上野結,E cup
864,上野優,F cup
865,上原亜衣,E cup
866,上原愛,B cup
867,上原いずみ,C cup
868,上原いづみ,C cup
869,上原恵理,C cup
870,上原海里,H cup
871,上原カエラ,F cup
872,上原かな,?? cup
873,上原さゆり,E cup
874,上原千尋,D cup
875,上原奈緒,D cup
876,上原奈々子,D cup
877,上原のぞみ,E cup
878,上原ひな,C cup
879,上原保奈美,Ｊ cup
880,上原まみ,E cup
881,上原まゆみ,E cup
882,上原美紀,D cup
883,上原瑞穂,D cup
884,上原美菜,C cup
885,植原美菜,C cup
886,上原美穂,F cup
887,上原深雪,D cup
888,上原ゆあ,C cup
889,上原結衣,C cup
890,上原優,F cup
891,上原夕子,F cup
892,上原優子,F cup
893,上原優実,B cup
894,上原リナ,E cup
895,上原鈴華,C cup
896,上原留華,B cup
897,上原真美,D cup
898,上村愛,C cup
899,上村香澄,E cup
900,上村佳奈,E cup
901,上村春奈,F cup
902,植村春菜,F cup
903,上村春菜,F cup
904,上村みき,F cup
905,上村優子,C cup
906,上村れな,E cup
907,浮田潤子,B cup
908,うさぎつばさ,C cup
909,うさみ恭香,C cup
910,宇佐美なな,D cup
911,宇佐美奈々,D cup
912,宇佐美由佳,E cup
913,宇佐美玲奈,D cup
914,卯水咲流,C cup
915,卯月杏,H cup
916,内田美奈子,F cup
917,内田靖子,H cup
918,内田理緒,F cup
919,内山遥,D cup
920,内山めい,D cup
921,卯月麻衣,I cup
922,卯月梨奈,D cup
923,海野ひかり,C cup
924,梅田琴美,F cup
925,梅宮かおる,C cup
926,梅宮リナ,E cup
927,浦沢亜矢子,D cup
928,浦沢郁美,D cup
929,浦田みらい,C cup
930,漆原真央,C cup
931,うるみゆう,I cup
932,うるや真帆,D cup
933,海野わりん,D cup
934,榮倉あい,C cup
935,絵色千佳,A cup
936,AD繭子,D cup
937,絵川真帆,F cup
938,江口ひとみ,D cup
939,江口美樹,C cup
940,eco,E cup
941,江住梨杏,D cup
942,エスワン子,D cup
943,荏田愛美,E cup
944,江藤さと美,G cup
945,江藤みさき,G cup
946,江波りゅう,D cup
947,榎本すみれ,C cup
948,榎本典子,F cup
949,榎本結衣,?? cup
950,榎本由佳,E cup
951,榎本由紀,E cup
952,榎本由紀子,E cup
953,榎本由美子,E cup
954,榎本蓉子,E cup
955,榎本羅々,?? cup
956,榎本らん,D cup
957,蛯川真理,D cup
958,海老原葵,E cup
959,海老原しのぶ,H cup
960,海老原ひとみ,G cup
961,蛯原姫奈,E cup
962,蛯原舞,B cup
963,蛯原みなみ,B cup
964,えりか,D cup
965,erika,G cup
966,ERIKA,G cup
967,エリカ,A cup
968,Erina,G cup
969,円城ひとみ,D cup
970,遠藤香織,C cup
971,進藤和美,D cup
972,宴堂さなえ,C cup
973,遠藤さや,?? cup
974,遠藤さやか,C cup
975,遠藤小百合,C cup
976,遠藤しおり,C cup
977,艶堂しほり,C cup
978,遠藤まみ,D cup
979,遠藤まゆみ,D cup
980,及川奈央,D cup
981,及川ひなた,F cup
982,及川ひな多,F cup
983,及川みよ,D cup
984,及川ゆみり,D cup
985,音市美音,A cup
986,桜花えり,E cup
987,桜沢まひる,D cup
988,麻植夏子,C cup
989,大石美咲,C cup
990,大石もえ,F cup
991,大石萌,F cup
992,大浦あんな,I cup
993,大枝千穂,G cup
994,大川純,F cup
995,大川直子,F cup
996,おおきゆぃ,E cup
997,大久保松恵,E cup
998,大隈恵令奈,F cup
999,大栗まき,C cup
1000,大黒かな,E cup
1001,大越はるか,E cup
1002,大崎愛美,E cup
1003,大沢かな,E cup
1004,大沢啓子,G cup
1005,大沢つくし,E cup
1006,大沢はるか,F cup
1007,大沢美加,C cup
1008,大沢萌,D cup
1009,大沢佑香,D cup
1010,大澤ゆかり,C cup
1011,大島あいる,I cup
1012,大島彩,D cup
1013,大島ちろる,D cup
1014,大島みなみ,D cup
1015,大嶋恵,C cup
1016,大嶋ゆな,D cup
1017,大島喜代葉,E cup
1018,大城ありす,C cup
1019,大城楓,D cup
1020,大城かえで,D cup
1021,大城舞衣子,F cup
1022,大城真澄,F cup
1023,大隅恵令奈,F cup
1024,大空あかね,D cup
1025,大空あすか,E cup
1026,大空かのん,H cup
1027,太田奈津美,I cup
1028,太田まり映,D cup
1029,太田ゆう子,D cup
1030,大滝明日香,B cup
1031,大滝佐紀,G cup
1032,大竹恵里子,E cup
1033,大竹恵理子,E cup
1034,大谷佳香,E cup
1035,大塚亜季,C cup
1036,大塚愛美,D cup
1037,大塚響子,D cup
1038,大塚咲,G cup
1039,大塚彩也香,C cup
1040,大塚珠季,E cup
1041,大塚千夏,G cup
1042,大塚智子,D cup
1043,大塚ひな,D cup
1044,大塚麻衣,C cup
1045,大塚舞,D cup
1046,大塚みなみ,D cup
1047,大塚美雪,E cup
1048,大塚みゆき,E cup
1049,大塚裕子,G cup
1050,大塚雪乃,E cup
1051,大槻ひびき,E cup
1052,大月美奈子,D cup
1053,大槻みなみ,D cup
1054,大友園子,B cup
1055,大友唯愛,B cup
1056,大友唯,B cup
1057,大友雪絵,C cup
1058,大西亜美,D cup
1059,大西好葉,D cup
1060,大貫かりん,D cup
1061,大橋奈津美,C cup
1062,大橋遥,C cup
1063,大橋ひかり,C cup
1064,大橋真央,G cup
1065,大橋美香,?? cup
1066,大橋みく,B cup
1067,大橋未久,E cup
1068,大林リエ,K cup
1069,大林理恵,K cup
1070,大原麻実,D cup
1071,大原れみ,F cup
1072,大堀香奈,E cup
1073,大森奈緒美,D cup
1074,大森ゆま,E cup
1075,大山美名子,B cup
1076,大和田結依,D cup
1077,岡江佳子,D cup
1078,丘咲エミリ,D cup
1079,岡崎美女,C cup
1080,岡崎みゆ,D cup
1081,岡崎靖子,D cup
1082,小笠原怜奈,F cup
1083,岡島美代,B cup
1084,岡田さな,C cup
1085,岡田早苗,G cup
1086,岡田真生,D cup
1087,岡田真由香,K cup
1088,岡田裕美,F cup
1089,おかだ梨花,E cup
1090,緒方瑠美,F cup
1091,岡野美憂,E cup
1092,岡部涼子,E cup
1093,尾上ライナ,B cup
1094,岡本あい,B cup
1095,岡本芽菜,D cup
1096,小川あさ美,E cup
1097,小川あゆみ,D cup
1098,小川まどか,E cup
1099,小川真実,D cup
1100,緒川みずき,C cup
1101,小川美穂,E cup
1102,緒川ゆう,I cup
1103,緒川夕貴,C cup
1104,小川由紀,C cup
1105,緒川りお,E cup
1106,小川流果,G cup
1107,小笠原咲,D cup
1108,沖ひとみ,?? cup
1109,沖田杏梨,K cup
1110,奥菜つばさ,D cup
1111,沖那つばさ,D cup
1112,奥田咲,H cup
1113,奥菜千春,D cup
1114,奥野雪枝,C cup
1115,奥山唯子,C cup
1116,小暮敦子,D cup
1117,小倉希美,C cup
1118,小椋夏美,D cup
1119,小倉奈々,F cup
1120,小倉みなみ,C cup
1121,小倉もも,G cup
1122,小倉優,E cup
1123,小倉ゆず,E cup
1124,小栗杏菜,C cup
1125,小栗杏奈,C cup
1126,おぐりみく,C cup
1127,小澤あゆみ,E cup
1128,小沢アリス,G cup
1129,小沢幸子,G cup
1130,小沢志乃,G cup
1131,小澤志乃,G cup
1132,小沢菜穂,D cup
1133,小沢麻緒,B cup
1134,小澤マリア,E cup
1135,小沢真理奈,H cup
1136,小沢優名,E cup
1137,小沢由里,D cup
1138,小田有紗,G cup
1139,織田すずめ,E cup
1140,織田真子,F cup
1141,落合絢,C cup
1142,落合美迦,C cup
1143,落合雪恵,C cup
1144,乙井なずな,E cup
1145,音川沙織,E cup
1146,乙川サラ,C cup
1147,乙川紗良,C cup
1148,音咲絢,D cup
1149,乙音奈々,C cup
1150,音羽かなで,C cup
1151,乙葉真希,G cup
1152,音羽レオン,F cup
1153,音原恭子,E cup
1154,小野今日子,D cup
1155,小野こゆき,D cup
1156,小野沙樹,G cup
1157,小野さやか,D cup
1158,小野悠美,E cup
1159,尾野真知子,B cup
1160,小野真美,D cup
1161,小野麻里亜,E cup
1162,小野まり,E cup
1163,小野みく,B cup
1164,小野由佳,B cup
1165,小野理菜,C cup
1166,小野里菜,C cup
1167,小野リナ,C cup
1168,小野有紗,C cup
1169,小野田秀美,B cup
1170,小野谷美穂,B cup
1171,小野寺めぐみ,C cup
1172,小俣わかめ,H cup
1173,折笠しのぶ,G cup
1174,折口悠乃,G cup
1175,織田ゆめ,B cup
1176,織原寧々,G cup
1177,折原まみ,E cup
1178,折原みさと,D cup
1179,折原ゆかり,H cup
1180,恩田ほのか,F cup
1181,恩田未来,D cup
1182,河合ちなみ,C cup
1183,河合つかさ,D cup
1184,甲斐友美,B cup
1185,甲斐ミハル,F cup
1186,楓,C cup
1187,楓アイル,C cup
1188,楓きみか,E cup
1189,楓乃々花,C cup
1190,楓ひみつ,K cup
1191,楓モモ,D cup
1192,楓りょう,?? cup
1193,楓姫輝,G cup
1194,KAORI,E cup
1195,KAORI,G cup
1196,香奈々,B cup
1197,薫桜子,I cup
1198,薫まい,F cup
1199,加賀雅,D cup
1200,加々美由貴,D cup
1201,加賀ゆり子,E cup
1202,鏡桜子,F cup
1203,鏡志穂,E cup
1204,鏡麗子,F cup
1205,香川さくら,D cup
1206,香川純,E cup
1207,香川りく,D cup
1208,柿沢瞳,D cup
1209,柿本彩菜,E cup
1210,柿本真緒,F cup
1211,花京院アスカ,E cup
1212,神楽メイ,D cup
1213,筧井まり,?? cup
1214,樺月愛華,H cup
1215,加護範子,D cup
1216,加護芽衣,C cup
1217,河西あみ,G cup
1218,笠木あやか,C cup
1219,笠木彩花,C cup
1220,笠木忍,B cup
1221,笠原絵美,B cup
1222,笠原麻衣,C cup
1223,笠原祐子,E cup
1224,風間恭子,G cup
1225,風間今日子,G cup
1226,風間ひとみ,G cup
1227,風間麻衣,C cup
1228,風間美咲,?? cup
1229,風間ゆみ,G cup
1230,風間由美,G cup
1231,風間りさ,?? cup
1232,風間ルミ,G cup
1233,風見京子,C cup
1234,風見渚,D cup
1235,風見里穂,C cup
1236,香椎杏子,G cup
1237,かじか凛,L cup
1238,鹿島ももか,D cup
1239,樫本富美子,D cup
1240,柏木なつみ,I cup
1241,柏木のぞみ,E cup
1242,柏木はる,C cup
1243,柏木みあ,H cup
1244,柏木ゆり,D cup
1245,柏木里佳子,D cup
1246,柏木涼子,D cup
1247,柏木鈴,D cup
1248,梶原愛子,E cup
1249,梶原まゆ,E cup
1250,春日なみ,D cup
1251,春日ひな,?? cup
1252,春日もな,G cup
1253,和希あい,C cup
1254,香月麻子,F cup
1255,和希さやか,F cup
1256,和希結衣,G cup
1257,和希優子,F cup
1258,和葉みれい,C cup
1259,花純,C cup
1260,和見あい,D cup
1261,かすみ果穂,E cup
1262,香澄のあ,G cup
1263,かすみゆら,C cup
1264,かすみりさ,G cup
1265,加瀬あゆむ,C cup
1266,加瀬ますみ,G cup
1267,加瀬凛花,E cup
1268,風谷音緒,D cup
1269,片岡さき,G cup
1270,片岡まきな,D cup
1271,片岡美沙,E cup
1272,片岡美砂,E cup
1273,片岡美雪,F cup
1274,片桐アンナ,D cup
1275,片桐えりりか,E cup
1276,片桐さくら,D cup
1277,片桐桜,D cup
1278,片桐美緒,F cup
1279,片桐めい,F cup
1280,片桐怜奈,G cup
1281,片桐りの,D cup
1282,片瀬絵梨,D cup
1283,片瀬くるみ,C cup
1284,片瀬千秋,E cup
1285,片瀬渚,?? cup
1286,片瀬まこ,F cup
1287,片瀬真佐子,F cup
1288,かたせ美優,C cup
1289,片瀬美優,C cup
1290,片瀬ゆう,D cup
1291,片瀬りこ,D cup
1292,片瀬玲奈,C cup
1293,片瀬玲奈,B cup
1294,片平せいか,C cup
1295,片平美海,F cup
1296,片山葵,D cup
1297,片山莉乃,B cup
1298,華蝶楓月,E cup
1299,香月藍,G cup
1300,華月ゆきな,C cup
1301,桂木深玲,B cup
1302,加斗レア,C cup
1303,加藤梓,C cup
1304,加藤あみ,C cup
1305,加藤いづみ,D cup
1306,加藤エミリ,D cup
1307,加藤久美,C cup
1308,加藤咲良,E cup
1309,加藤さやか,D cup
1310,加藤純子,H cup
1311,加藤ツバキ,C cup
1312,加藤つばさ,D cup
1313,加藤ディーナ,C cup
1314,加藤なお,D cup
1315,加藤はる希,G cup
1316,加藤はるな,E cup
1317,加藤春菜,E cup
1318,加藤瞳,C cup
1319,加藤美加,C cup
1320,加藤ゆう,C cup
1321,加藤由希子,F cup
1322,加藤ゆめ,D cup
1323,加藤ゆりあ,C cup
1324,加藤らんらん,E cup
1325,加藤リナ,B cup
1326,加藤レイナ,C cup
1327,加藤れいな,C cup
1328,加藤一夏,D cup
1329,門倉沙希,F cup
1330,角田まつり,F cup
1331,門田まつり,F cup
1332,KANA,C cup
1333,金井鈴,D cup
1334,金井まい子,D cup
1335,金沢亜紀子,D cup
1336,金沢瞳,F cup
1337,金沢文子,C cup
1338,金沢ゆみ,C cup
1339,かなた美緒,F cup
1340,かなと沙奈,D cup
1341,我那覇レイ,G cup
1342,かなみ芽梨,B cup
1343,香奈芽涼,C cup
1344,金森彩香,E cup
1345,金森美奈,E cup
1346,金子きい,F cup
1347,金子キエ,F cup
1348,金子ちえ,E cup
1349,金子リサ,D cup
1350,金子里沙,D cup
1351,金子りさ,D cup
1352,金子まどか,D cup
1353,金崎あい,G cup
1354,金城アンナ,C cup
1355,兼田久美,C cup
1356,叶あい,?? cup
1357,叶彩,J cup
1358,加納さつき,C cup
1359,加納栞,K cup
1360,叶志穂,D cup
1361,叶樹梨,E cup
1362,叶艶子,I cup
1363,加納瞳,C cup
1364,かのう美香,C cup
1365,加納瑞穂,G cup
1366,叶美月,D cup
1367,叶みわ,G cup
1368,加納桃花,G cup
1369,叶桃花,G cup
1370,狩野裕子,F cup
1371,叶結香里,H cup
1372,叶夢,D cup
1373,叶麗子,E cup
1374,叶麗美,H cup
1375,加納レミ,H cup
1376,叶野レミ,H cup
1377,叶和香,L cup
1378,香乃華,D cup
1379,華原永遠,F cup
1380,釜崎あゆ,?? cup
1381,神河美音,A cup
1382,神木なな,D cup
1383,神咲詩織,G cup
1384,神咲りんか,D cup
1385,神島美緒,F cup
1386,上条めぐ,G cup
1387,上條れん,A cup
1388,神代しずく,C cup
1389,神名ひとみ,D cup
1390,上村るい,?? cup
1391,神谷恭子,D cup
1392,神谷詩織,D cup
1393,神谷節子,F cup
1394,神谷姫,C cup
1395,神谷ミサト,F cup
1396,神谷みさと,F cup
1397,神谷めぐみ,G cup
1398,神谷ゆうな,E cup
1399,神谷りの,D cup
1400,加山なつこ,G cup
1401,加山なつ子,G cup
1402,佳山三花,G cup
1403,華山みな,C cup
1404,華山美玲,F cup
1405,加山由衣,B cup
1406,香山蘭,E cup
1407,唐澤まさみ,F cup
1408,唐沢未来,D cup
1409,唐沢みく,D cup
1410,果梨,G cup
1411,花梨,B cup
1412,花流亜,G cup
1413,華恋,C cup
1414,可愛あみん,C cup
1415,河愛杏里,B cup
1416,河合杏里,B cup
1417,可愛カナ,F cup
1418,川愛加奈,D cup
1419,河合こころ,C cup
1420,河合さくら,E cup
1421,河井なな,C cup
1422,可愛ひな,B cup
1423,河愛ひな,B cup
1424,川合まゆ,B cup
1425,河合律子,C cup
1426,可愛りん,D cup
1427,河合亜美,D cup
1428,川上奈々美,D cup
1429,川上ゆう,D cup
1430,川上優紀,D cup
1431,川上良子,H cup
1432,川口今日子,D cup
1433,川口寿子,B cup
1434,川口紗香,F cup
1435,川久保夏美,E cup
1436,川口凛子,C cup
1437,かわさきりおん,C cup
1438,川嶋あみ,D cup
1439,川嶋いろは,B cup
1440,川島いろは,B cup
1441,川島朋子,E cup
1442,川嶋夏樹,H cup
1443,川島奈美,D cup
1444,川嶋美香,?? cup
1445,川島みなみ,F cup
1446,川島めぐみ,F cup
1447,川島れい,C cup
1448,川島ローサ,B cup
1449,河純ひなみ,D cup
1450,河住りな,D cup
1451,河瀬あゆみ,C cup
1452,川瀬さやか,D cup
1453,川瀬七夏,D cup
1454,川瀬まひろ,D cup
1455,川瀬まみ,F cup
1456,川瀬優希,?? cup
1457,河瀬リナ,I cup
1458,川添杏奈,K cup
1459,河奈ちなみ,C cup
1460,川奈ちなみ,C cup
1461,川奈舞,D cup
1462,川奈まり子,C cup
1463,河野未樹,D cup
1464,川野美知子,D cup
1465,川野優,C cup
1466,河原茜,E cup
1467,川峰さくら,I cup
1468,川村あんな,I cup
1469,川村カンナ,D cup
1470,川村紅巳,D cup
1471,川村遥,C cup
1472,川村陽奈,C cup
1473,川村美咲,E cup
1474,川村めい,C cup
1475,川村萌,D cup
1476,川村れみ,E cup
1477,河本愛,F cup
1478,川本亜矢子,F cup
1479,川本セリカ,E cup
1480,川本凛,D cup
1481,神崎あかね,F cup
1482,神崎亜里沙,E cup
1483,神崎京子,D cup
1484,神崎さゆり,H cup
1485,神咲ノア,D cup
1486,神埼遥,B cup
1487,神崎真理,D cup
1488,神崎美樹,G cup
1489,神崎ゆみ,D cup
1490,神崎るな,D cup
1491,神崎レオナ,D cup
1492,神田あかり,E cup
1493,神田ねおん,C cup
1494,神田美穂,D cup
1495,神田朋実,D cup
1496,菅野愛理,?? cup
1497,菅野ありさ,C cup
1498,菅野亜梨沙,C cup
1499,菅野さゆき,J cup
1500,管野しずか,C cup
1501,管野静香,C cup
1502,菅野すみれ,B cup
1503,菅野つぼみ,D cup
1504,菅野麻弥,D cup
1505,神野美緒,E cup
1506,菅野美優,D cup
1507,菅野桃,D cup
1508,菅野ゆりあ,F cup
1509,甘味いちご,E cup
1510,木内美保,B cup
1511,菊川愛香,C cup
1512,菊川亜美,C cup
1513,菊川サラ,C cup
1514,菊川利恵,E cup
1515,菊川里菜,C cup
1516,菊川蓮,E cup
1517,菊池明日香,G cup
1518,菊池エリ,F cup
1519,菊池えり,F cup
1520,菊地沙也加,D cup
1521,菊地さやか,C cup
1522,菊池真奈,E cup
1523,菊池真奈美,D cup
1524,菊原まどか,F cup
1525,きくま聖,I cup
1526,菊美かりん,B cup
1527,きこうでんみさ,E cup
1528,希沙アンナ,D cup
1529,希沙杏奈,D cup
1530,希咲あや,E cup
1531,希咲エマ,G cup
1532,希崎圭蓮,G cup
1533,希崎ジェシカ,D cup
1534,妃すみれ,C cup
1535,木咲美琴,K cup
1536,妃悠愛,C cup
1537,木崎祐子,C cup
1538,如月カレン,B cup
1539,如月みゆき,E cup
1540,如月美雪,E cup
1541,希志あいの,C cup
1542,岸上あいか,D cup
1543,岸川ひろみ,H cup
1544,岸川美穂,D cup
1545,岸田小雪,B cup
1546,希島あいり,C cup
1547,木島奈保子,D cup
1548,来嶋ゆきな,D cup
1549,木島るみ,?? cup
1550,岸本あゆ,C cup
1551,岸本由奈,E cup
1552,岸本玲奈,E cup
1553,北泉奈々,E cup
1554,北川エリカ,E cup
1555,北川明花,?? cup
1556,北川夏希,F cup
1557,北川恵,C cup
1558,北川瞳,G cup
1559,北川真咲,C cup
1560,北川みなみ,?? cup
1561,北川優,D cup
1562,北川有紀,C cup
1563,北川裕美,B cup
1564,北川ゆり,G cup
1565,北川ルカ,G cup
1566,北沢亜美,F cup
1567,喜多沢くるす,F cup
1568,北澤真由,F cup
1569,北島ゆい,E cup
1570,北島ゆり,E cup
1571,北島りな,C cup
1572,北島玲,G cup
1573,北嶋玲,G cup
1574,北園梓,G cup
1575,北田優歩,C cup
1576,北谷静香,D cup
1577,木谷千絵子,C cup
1578,北野利奈,E cup
1579,北野りん,C cup
1580,北原綾香,F cup
1581,北原歩,D cup
1582,北原えれな,C cup
1583,北原多香子,F cup
1584,北原夏美,F cup
1585,北原ゆき,D cup
1586,北原梨奈,D cup
1587,北原麗子,D cup
1588,北原れみ,D cup
1589,北見ゆみ,I cup
1590,北村うるか,F cup
1591,北村ひとみ,J cup
1592,北村真由美,D cup
1593,城戸さやか,G cup
1594,木梨優樹乃,D cup
1595,絹田美津,G cup
1596,きの,F cup
1597,木下香奈,D cup
1598,木下智子,E cup
1599,木下ナナ,D cup
1600,木下奈美,D cup
1601,木ノ下まい,?? cup
1602,木下まこ,G cup
1603,木下美希,C cup
1604,木下柚花,G cup
1605,木下ゆな,F cup
1606,木下瑠璃,B cup
1607,木下若菜,F cup
1608,樹原まい,D cup
1609,公下エリカ,B cup
1610,君島愛,E cup
1611,君島あゆ,B cup
1612,君島冴子,E cup
1613,君島美香,F cup
1614,君島美香子,F cup
1615,君嶋美香子,F cup
1616,君嶋もえ,B cup
1617,君野ゆめ,C cup
1618,君原エリカ,B cup
1619,木村愛,D cup
1620,木村彩,E cup
1621,木村つな,B cup
1622,木村寿子,G cup
1623,木村那美,G cup
1624,木村マイ,D cup
1625,木村真子,H cup
1626,木村雅子,F cup
1627,木村由美子,C cup
1628,木村佳香,D cup
1629,木村律子,D cup
1630,希本なつ美,J cup
1631,樹本涼子,E cup
1632,キャバ夢,D cup
1633,杏華,I cup
1634,KYOKO,B cup
1635,京野明日香,D cup
1636,京野あすか,D cup
1637,京野桜子,?? cup
1638,京野ななか,D cup
1639,京野真里奈,C cup
1640,京本かえで,F cup
1641,京本春美,G cup
1642,清瀬怜,C cup
1643,清田かおる,D cup
1644,清原りょう,C cup
1645,キヨミジュン,C cup
1646,きよみ玲,D cup
1647,清宮雫,C cup
1648,桐岡さつき,C cup
1649,霧島アキ,?? cup
1650,桐島秋子,F cup
1651,桐島あゆみ,E cup
1652,桐嶋アリサ,F cup
1653,桐島アリサ,F cup
1654,桐島樹莉,C cup
1655,桐島千沙,E cup
1656,桐嶋千紗,E cup
1657,桐島直子,F cup
1658,霧島のぁ,I cup
1659,霧島のあ,I cup
1660,桐島優香,E cup
1661,露島レイナ,F cup
1662,桐田あゆか,E cup
1663,桐谷ユリア,G cup
1664,桐原あずさ,D cup
1665,桐原エリカ,G cup
1666,桐谷アンノ,C cup
1667,桐山凛果,D cup
1668,桐生さくら,D cup
1669,桐生さや,H cup
1670,樹林れもん,G cup
1671,金城美麗,B cup
1672,久我舞,C cup
1673,くさかべめい,E cup
1674,草凪純,G cup
1675,楠田える,F cup
1676,楠カリン,D cup
1677,楠木さやか,B cup
1678,楠さやか,B cup
1679,楠真由美,H cup
1680,楠木まゆみ,H cup
1681,楠瀬らん,C cup
1682,久住さやか,D cup
1683,久住みはる,F cup
1684,楠本千恵,F cup
1685,楠本ゆかり,E cup
1686,工藤あさみ,D cup
1687,工藤あずさ,D cup
1688,工藤あや,B cup
1689,工藤さき,C cup
1690,工藤咲,C cup
1691,宮藤レイコ,G cup
1692,国井那由,D cup
1693,国枝なをこ,C cup
1694,国仲みさと,D cup
1695,国見響子,D cup
1696,国見奈々,G cup
1697,久保明日香,D cup
1698,久保綾香,C cup
1699,久保さおり,D cup
1700,久保千代子,D cup
1701,久保田志保,E cup
1702,熊田ありさ,D cup
1703,熊田純菜,D cup
1704,熊田夏樹,E cup
1705,倉木杏,D cup
1706,倉木小夜,C cup
1707,倉木麻衣子,C cup
1708,倉希マイヤ,E cup
1709,倉木みお,D cup
1710,倉咲ゆう,D cup
1711,倉沢みづき,E cup
1712,倉沢ももか,D cup
1713,暮野ソフィア,F cup
1714,倉田杏里,C cup
1715,倉田早織,B cup
1716,倉田ゆい,E cup
1717,倉知莉花,C cup
1718,倉林聖子,E cup
1719,倉持茜,D cup
1720,倉本あいら,C cup
1721,くらもとまい,B cup
1722,倉本まい,B cup
1723,倉本舞,B cup
1724,倉本麻衣,B cup
1725,くらら,D cup
1726,栗まり,I cup
1727,クリス小澤,C cup
1728,栗田美沙,E cup
1729,栗林里莉,C cup
1730,栗原樹,E cup
1731,栗原イツキ,E cup
1732,栗原いぶき,D cup
1733,栗原まあや,E cup
1734,栗原真希,E cup
1735,栗原優佳,F cup
1736,栗山帆花,C cup
1737,栗山未来,C cup
1738,栗栖エリカ,E cup
1739,来栖ケイト,E cup
1740,来栖千夏,G cup
1741,来栖奈緒子,D cup
1742,来栖なほ,D cup
1743,来栖ひなた,?? cup
1744,来栖りお,F cup
1745,くるみ,C cup
1746,くるみ,F cup
1747,くるみ,J cup
1748,くるみひな,E cup
1749,胡桃沢まり奈,C cup
1750,紅蘭,D cup
1751,黒岩まこと,D cup
1752,黒川あおい,F cup
1753,黒川敦子,H cup
1754,黒川きらら,G cup
1755,黒川まい,G cup
1756,黒川美香,F cup
1757,黒川メイサ,H cup
1758,黒川優花,E cup
1759,黒川ゆう子,E cup
1760,黒川梨花,F cup
1761,黒木アイリ,?? cup
1762,黒木あげは,B cup
1763,黒木アリサ,G cup
1764,黒姫伊織,O cup
1765,黒木いちか,C cup
1766,黒木かえで,C cup
1767,黒木香,D cup
1768,黒木小夜子,F cup
1769,黒木なほ,G cup
1770,黒木菜穂,G cup
1771,黒木麻衣,F cup
1772,黒木真奈,E cup
1773,黒木真夕,D cup
1774,黒木めぐみ,D cup
1775,黒木莉奈,F cup
1776,黒崎さゆり,G cup
1777,黒崎セシル,E cup
1778,黒咲瞳,E cup
1779,黒崎ヒトミ,E cup
1780,黒崎もえ,D cup
1781,黒崎リナ,C cup
1782,黒崎れいな,D cup
1783,黒沢愛,G cup
1784,黒澤あみ,F cup
1785,黒沢エレナ,E cup
1786,黒澤エレナ,E cup
1787,黒沢那智,I cup
1788,黒沢まや,F cup
1789,黒澤まりあ,E cup
1790,黒沢まりあ,E cup
1791,黒澤雪華,E cup
1792,黒沢里菜,E cup
1793,黒澤ルナ,D cup
1794,黒沢ルナ,D cup
1795,黒澤和花子,C cup
1796,黒田真希,C cup
1797,黒田美奈子,D cup
1798,黒田芽衣子,H cup
1799,黒田もね,D cup
1800,黒田やよい,E cup
1801,黒田由香里,C cup
1802,桑原みか,E cup
1803,Kei,C cup
1804,結野亜菜,G cup
1805,恋小夜,E cup
1806,小池安紗子,E cup
1807,小池絵美子,F cup
1808,小池恵美子,F cup
1809,小池笑子,F cup
1810,小池B子,F cup
1811,小池ひとみ,E cup
1812,小池仁美,F cup
1813,小泉彩,D cup
1814,小泉あやか,G cup
1815,小泉ありさ,G cup
1816,小泉いずみ,E cup
1817,小泉キラリ,D cup
1818,小泉奈々,D cup
1819,小泉ナンナ,D cup
1820,小泉まな,C cup
1821,小泉美奈,C cup
1822,小泉柚葵,E cup
1823,小泉優子,C cup
1824,小泉ゆり,D cup
1825,小泉梨菜,C cup
1826,小出悦子,F cup
1827,小出遥,G cup
1828,恋野恋,B cup
1829,香西咲,?? cup
1830,香坂菫,C cup
1831,高坂ますみ,D cup
1832,香坂澪,D cup
1833,高坂美保,E cup
1834,向坂美々,E cup
1835,香坂美々,E cup
1836,香坂美優,E cup
1837,香坂美鈴,?? cup
1838,香坂ゆかり,D cup
1839,香坂ゆり,F cup
1840,香坂百合,F cup
1841,香坂玲依寧,?? cup
1842,光咲玲奈,D cup
1843,国府田ひとみ,D cup
1844,倖田みらい,G cup
1845,倖田未来,G cup
1846,倖田美梨,D cup
1847,倖田梨沙,C cup
1848,倖田梨紗,C cup
1849,倖田李梨,D cup
1850,倖田るり,G cup
1851,神津千絵子,E cup
1852,光月まや,?? cup
1853,香月美輪,E cup
1854,光月夜也,D cup
1855,高月幸穂,E cup
1856,近藤美香,E cup
1857,神戸亜美,D cup
1858,黄金咲ちひろ,D cup
1859,古川いおり,C cup
1860,小久保真樹,E cup
1861,COCO@,?? cup
1862,心々奈りんか,D cup
1863,ここみ,E cup
1864,COCOLO,H cup
1865,小衣くるみ,J cup
1866,心有花,C cup
1867,小阪みちる,E cup
1868,小坂めぐる,G cup
1869,小阪れおん,?? cup
1870,小桜沙樹,E cup
1871,小桜セレナ,?? cup
1872,小嶋あずみ,D cup
1873,小嶋ジュンナ,E cup
1874,児島奈央,C cup
1875,木島奈々,G cup
1876,小島実加,?? cup
1877,小島美奈,F cup
1878,小島みなみ,E cup
1879,小嶋優子,C cup
1880,小島由紀枝,F cup
1881,小嶋るな,G cup
1882,小島南,G cup
1883,こずえまき,C cup
1884,小菅千晶,D cup
1885,小関美沙,G cup
1886,木谷映美,E cup
1887,小谷理紗,?? cup
1888,児玉しの,E cup
1889,古知亜美莉,D cup
1890,古都ひかる,E cup
1891,後藤あん,G cup
1892,後藤杏奈,E cup
1893,後藤しほ,C cup
1894,後藤聖子,J cup
1895,後藤夏希,C cup
1896,後藤美希,C cup
1897,後藤みさき,D cup
1898,後藤美咲,D cup
1899,後藤結花,C cup
1900,後藤リサ,C cup
1901,琴音,B cup
1902,琴音ゆめ,C cup
1903,琴乃,G cup
1904,琴野まゆ,G cup
1905,琴野まゆか,C cup
1906,寿ありさ,F cup
1907,琴吹さくら,G cup
1908,ことみ,G cup
1909,cotorich,E cup
1910,コトリッチ,E cup
1911,小西純子,E cup
1912,小西朋子,D cup
1913,小西那奈,F cup
1914,小西悠,E cup
1915,小西優希,C cup
1916,小西レナ,B cup
1917,小日向ひまり,G cup
1918,このは,D cup
1919,このみ,D cup
1920,KONOMI,I cup
1921,琥珀うた,B cup
1922,小早川怜子,I cup
1923,小早川玲子,I cup
1924,小林茜,?? cup
1925,小林麻子,E cup
1926,小林あやか,D cup
1927,小林瑛理奈,C cup
1928,小林かず美,D cup
1929,小林佳代子,F cup
1930,小林沙織,D cup
1931,小林さとみ,G cup
1932,小林奈々,C cup
1933,小林ひとみ,C cup
1934,小林麻里,?? cup
1935,小林麻里,C cup
1936,小林美幸,B cup
1937,小林みゆき,D cup
1938,小林メイ,I cup
1939,小林芽衣,I cup
1940,小林リサ,C cup
1941,小林里穂,B cup
1942,小春,G cup
1943,小春日和,E cup
1944,小日向葵,D cup
1945,小日向あおい,D cup
1946,小日向しおり,C cup
1947,小日向ひな,C cup
1948,小日向みく,E cup
1949,駒沢亮子,E cup
1950,小町ななみ,G cup
1951,小松千春,?? cup
1952,小松りこ,B cup
1953,こみなとあゆ,F cup
1954,小峰ひなた,G cup
1955,小峰ミサ,B cup
1956,小峰由衣,E cup
1957,小宮あんず,E cup
1958,小宮さゆり,C cup
1959,小宮ゆい,F cup
1960,小宮山せりな,B cup
1961,小向杏奈,I cup
1962,小日向ひかり,D cup
1963,小向まな美,D cup
1964,小向美奈子,H cup
1965,小向涼子,?? cup
1966,小室綾子,C cup
1967,小室優奈,D cup
1968,小室友里,F cup
1969,小室友莉,F cup
1970,小森愛,E cup
1971,小森美王,E cup
1972,小森美樹,E cup
1973,小森未来,E cup
1974,小森美悠,F cup
1975,吉川涼,C cup
1976,小柳さつき,B cup
1977,小柳まりん,G cup
1978,こやま楓,?? cup
1979,小山かな,C cup
1980,小山さおり,D cup
1981,小山リカコ,D cup
1982,小山玲子,C cup
1983,KOYUKI,C cup
1984,近藤あいか,F cup
1985,近藤沙紀子,I cup
1986,近藤真理子,F cup
1987,近藤優希,H cup
1988,紺野いろは,B cup
1989,紺野沙織,F cup
1990,紺野朋美,C cup
1991,紺野美奈子,G cup
1992,紺野りさ,C cup
1993,紺野りさ子,F cup
1994,今野梨乃,D cup
1995,西條るり,M cup
1996,西条麗,C cup
1997,西条れいな,E cup
1998,西條あきら,D cup
1999,斎藤香,E cup
2000,斉藤志織,E cup
2001,斉藤つかさ,E cup
2002,斉藤尚子,C cup
2003,さいとう真央,C cup
2004,斎藤真奈美,C cup
2005,斉藤ルミエ,G cup
2006,佐伯奈々,G cup
2007,佐伯なな,G cup
2008,佐伯春菜,E cup
2009,佐伯ももこ,G cup
2010,三枝実央,F cup
2011,SAEKO,E cup
2012,さえこ,E cup
2013,冴島奈緒,F cup
2014,冴島みどり,C cup
2015,冴嶋ゆき,?? cup
2016,早乙女あい,D cup
2017,早乙女香織,E cup
2018,早乙女つくし,D cup
2019,早乙女みなき,E cup
2020,早乙女美奈子,E cup
2021,早乙女優,C cup
2022,早乙女優華,?? cup
2023,早乙女らぶ,D cup
2024,早乙女ルイ,D cup
2025,SAORI,C cup
2026,佐賀ほのか,C cup
2027,酒井あすか,D cup
2028,酒井あずさ,C cup
2029,酒井杏奈,A cup
2030,酒井楓,C cup
2031,酒井里美,C cup
2032,酒井ちなみ,G cup
2033,坂井麻衣,C cup
2034,坂井まきこ,D cup
2035,酒井愛美,E cup
2036,酒井真穂,E cup
2037,酒井まり,G cup
2038,坂井優羽,E cup
2039,酒井るんな,E cup
2040,坂上友香,G cup
2041,榊なち,E cup
2042,榊ひなの,?? cup
2043,榊里緒,B cup
2044,榊れいな,E cup
2045,榊原佳代,E cup
2046,榊原良江,D cup
2047,坂口祥子,G cup
2048,坂口みほの,C cup
2049,坂口未幸,E cup
2050,坂口ゆい,E cup
2051,坂下愛,C cup
2052,坂下麻衣,C cup
2053,坂下まい,D cup
2054,坂下真紀,?? cup
2055,坂下もえ,?? cup
2056,坂本優,E cup
2057,坂下れい,D cup
2058,坂田美影,E cup
2059,酒菜いるか,B cup
2060,坂野由梨,E cup
2061,坂巻リオナ,E cup
2062,佐上まゆ,D cup
2063,坂本愛海,G cup
2064,坂本あいみ,G cup
2065,坂本かすみ,C cup
2066,坂本千尋,F cup
2067,坂本ひかり,?? cup
2068,坂本真由美,G cup
2069,坂本梨沙,D cup
2070,相楽かごめ,D cup
2071,相楽はるみ,E cup
2072,佐川未樹,D cup
2073,SAKI,C cup
2074,早紀歩,D cup
2075,早希いずみ,D cup
2076,早希なつみ,E cup
2077,崎芳子,C cup
2078,咲田うらら,?? cup
2079,咲田みう,D cup
2080,咲田めぐ,E cup
2081,咲野レイ,D cup
2082,咲美りんね,D cup
2083,咲本はるか,F cup
2084,朔夜,F cup
2085,サクラ,C cup
2086,桜,E cup
2087,桜あい,G cup
2088,佐倉愛音,?? cup
2089,桜朱音,E cup
2090,桜あやめ,F cup
2091,さくら乙葉,C cup
2092,佐倉カオリ,C cup
2093,桜ここみ,G cup
2094,さくら紗希,D cup
2095,さくらじゅり,H cup
2096,桜瀬奈,D cup
2097,桜たまき,D cup
2098,沙倉ちはる,D cup
2099,沙倉千春,D cup
2100,さくら奈々,D cup
2101,さくらひなこ,C cup
2102,桜まい,G cup
2103,紗倉まな,F cup
2104,佐倉美桜,C cup
2105,桜美沙希,?? cup
2106,桜みちる,F cup
2107,桜みみ,D cup
2108,さくら美癒,C cup
2109,さくらもも,D cup
2110,さくら桃香,E cup
2111,さくら結衣,G cup
2112,さくら柚希,?? cup
2113,さくらゆら,D cup
2114,桜リエ,E cup
2115,桜りお,C cup
2116,佐倉和香,D cup
2117,桜井あきら,D cup
2118,桜井麻美,I cup
2119,桜井アサミ,I cup
2120,桜井あみ,E cup
2121,桜依安奈,B cup
2122,桜井エミリ,G cup
2123,桜井かをる,F cup
2124,桜井咲子,C cup
2125,桜井幸恵,D cup
2126,桜井つばさ,D cup
2127,櫻井ともか,D cup
2128,さくらい葉菜,F cup
2129,桜井春,C cup
2130,桜井ひかる,E cup
2131,桜井文子,F cup
2132,桜井ますみ,F cup
2133,桜井真澄,F cup
2134,桜井マミ,F cup
2135,桜井まゆ,D cup
2136,桜井美里,E cup
2137,桜井美穂,?? cup
2138,櫻井美優,C cup
2139,櫻井夕樹,L cup
2140,櫻井ゆうこ,L cup
2141,桜井ゆり,B cup
2142,櫻井ゆり,B cup
2143,桜井りあ,B cup
2144,桜井梨花,C cup
2145,桜井流々,C cup
2146,桜木有沙,C cup
2147,桜木いずみ,?? cup
2148,桜木えみ香,D cup
2149,桜木久美子,C cup
2150,桜木ハル,E cup
2151,桜木美央,I cup
2152,桜木美津子,E cup
2153,桜木莉愛,L cup
2154,桜木りん,G cup
2155,桜木凛,D cup
2156,桜樹ルイ,D cup
2157,桜木ルイ,D cup
2158,桜木瑠璃子,E cup
2159,桜子,F cup
2160,桜咲ひな,G cup
2161,桜咲れん,A cup
2162,さくらさわまひる,D cup
2163,桜沢雪乃,E cup
2164,桜田あやね,B cup
2165,桜田佳子,E cup
2166,さくらださくら,E cup
2167,桜田さくら,E cup
2168,桜田由加里,C cup
2169,桜菜々美,C cup
2170,さくらの,C cup
2171,桜ノ宮てんま,D cup
2172,桜庭彩,B cup
2173,桜庭ウララ,D cup
2174,桜庭ハル,G cup
2175,桜庭怜香,D cup
2176,櫻谷沙希,C cup
2177,笹岡三咲,C cup
2178,佐々木四季,E cup
2179,佐々木千香,D cup
2180,佐々木千春,D cup
2181,佐々木はるか,G cup
2182,ささきふう香,I cup
2183,佐々木麻綾,G cup
2184,佐々木愛美,C cup
2185,佐々木ゆあ,C cup
2186,佐々木徠夢,H cup
2187,佐々木涼,F cup
2188,佐々木怜,C cup
2189,佐々木恋海,E cup
2190,漣ゆめ,K cup
2191,笹原しずく,C cup
2192,佐田あゆみ,E cup
2193,彩月あかり,D cup
2194,沙月かなえ,C cup
2195,沙月なゆ,M cup
2196,桜月舞,C cup
2197,咲月美羽,I cup
2198,咲月めい,I cup
2199,紗月結花,C cup
2200,沙月由奈,F cup
2201,五月瑠美,C cup
2202,佐藤あかり,?? cup
2203,佐藤江梨花,F cup
2204,佐倉澪,C cup
2205,佐藤ちか,G cup
2206,さとう遥希,F cup
2207,さとうはるな,E cup
2208,佐藤ひとみ,C cup
2209,佐藤ひろ美,E cup
2210,佐藤穂乃花,B cup
2211,佐藤みき,G cup
2212,佐藤美紀,G cup
2213,佐藤美久,E cup
2214,佐藤みく,E cup
2215,佐藤ゆな,F cup
2216,沙藤ユリ,F cup
2217,佐藤友里,G cup
2218,佐藤ローラ,C cup
2219,さとう和香,H cup
2220,佐藤若葉,H cup
2221,里崎あかね,E cup
2222,里崎美莉,E cup
2223,里田すず,H cup
2224,里中亜矢子,F cup
2225,里中静香,C cup
2226,里中美智,D cup
2227,里中めぐみ,A cup
2228,里仲ゆい,?? cup
2229,里見麻衣,F cup
2230,里見ゆりあ,D cup
2231,里美ゆりあ,D cup
2232,里美りん,G cup
2233,里谷あい,D cup
2234,里山加与,C cup
2235,紗奈,D cup
2236,真田春香,G cup
2237,真田ゆかり,C cup
2238,真田友里,C cup
2239,佐野絵美,D cup
2240,佐野美穂,D cup
2241,沙耶香,D cup
2242,SAYAKA,B cup
2243,沙弥香,B cup
2244,さやか,F cup
2245,紗耶香,F cup
2246,佐山愛,H cup
2247,紗山ひな,C cup
2248,さゆり,I cup
2249,SARAH,F cup
2250,沙羅,E cup
2251,沙羅樹,C cup
2252,SARINA,E cup
2253,沙里奈ユイ,F cup
2254,沢アリサ,G cup
2255,澤よし乃,E cup
2256,沢井真帆,C cup
2257,沢井美智,B cup
2258,沢井芽衣,F cup
2259,沢賀名,A cup
2260,沢木愛,F cup
2261,沢木樹里,F cup
2262,澤木麻優美,C cup
2263,沢木澪,C cup
2264,沢木理子,E cup
2265,沢木レイ,F cup
2266,沢北希望 ,G cup
2267,沢北のぞみ,G cup
2268,沢口あすか,E cup
2269,沢口みき,J cup
2270,沢口るな,E cup
2271,沢口加歩,D cup
2272,さわこ,B cup
2273,沢尻アヤカ,D cup
2274,沢尻もえ,G cup
2275,沢尻ももか,C cup
2276,沢尻もも美,D cup
2277,沢田絵美,D cup
2278,澤田一美,B cup
2279,澤田なつみ,E cup
2280,佐和田百香,F cup
2281,沢田律子,E cup
2282,澤田るみ,F cup
2283,沢田麗奈,E cup
2284,沢田珠里,D cup
2285,沢渡紗織,F cup
2286,沢渡美奈,D cup
2287,沢乳エリカ,H cup
2288,沢見ひかり,D cup
2289,澤宮有希,B cup
2290,沢村敦子,E cup
2291,澤村華恋,E cup
2292,沢村杏子,C cup
2293,澤村真衣,F cup
2294,澤村美香,F cup
2295,沢村ゆうみ,H cup
2296,沢村麗華,E cup
2297,澤村レイコ,D cup
2298,沢本あすか,B cup
2299,沢本レイ,F cup
2300,澤山夕貴,E cup
2301,三城薫,F cup
2302,三宮里緒,E cup
2303,椎名麻美,D cup
2304,椎名彩,?? cup
2305,しいないおり,D cup
2306,椎名楓,C cup
2307,椎名くるみ,G cup
2308,椎名ちはる,?? cup
2309,椎奈つばめ,D cup
2310,椎名つばめ,D cup
2311,椎名初美,B cup
2312,椎名ひかり,E cup
2313,椎名ひかる,B cup
2314,椎名ひかる,E cup
2315,椎名実果,C cup
2316,椎名実来,G cup
2317,椎名みくる,G cup
2318,椎名めぐみ,B cup
2319,椎名唯,D cup
2320,椎名由希,B cup
2321,椎名由紀,B cup
2322,椎名ゆず,B cup
2323,椎名ゆな,E cup
2324,椎名りく,C cup
2325,椎名亜季子,D cup
2326,椎名あこ,D cup
2327,しいのまお,E cup
2328,Ciell,D cup
2329,潮田佐緒里,D cup
2330,塩田結衣,E cup
2331,塩谷鈴子,F cup
2332,汐月ゆな,F cup
2333,潮見千夜,F cup
2334,栞,C cup
2335,詩織,E cup
2336,重田加代子,F cup
2337,しじみ,E cup
2338,しずく,E cup
2339,雫パイン,E cup
2340,静原まみ,E cup
2341,雫月ねね,C cup
2342,信濃川小町,C cup
2343,篠めぐみ,A cup
2344,篠崎ちはる,F cup
2345,篠崎ミサ,C cup
2346,篠崎ゆう子,E cup
2347,篠塚かな,D cup
2348,篠田すみれ,A cup
2349,篠田ゆう,E cup
2350,篠原杏,E cup
2351,篠原絵梨香,H cup
2352,篠原奈美,E cup
2353,篠原晴美,G cup
2354,篠原まゆみ,?? cup
2355,篠原美咲,E cup
2356,篠原友里恵,C cup
2357,篠原リョウ,C cup
2358,篠原りょう,C cup
2359,篠原るり,B cup
2360,篠原ルリ,B cup
2361,篠辺由果,C cup
2362,柴咲あや,D cup
2363,柴崎つばさ,?? cup
2364,柴崎未永,C cup
2365,柴咲ゆうり,D cup
2366,柴咲りお,E cup
2367,柴田かすみ,F cup
2368,柴田こずえ,D cup
2369,柴田真帆,F cup
2370,柴田ゆな,D cup
2371,柴谷美咲,D cup
2372,渋谷あかね,D cup
2373,渋谷梨果,E cup
2374,渋谷りな,C cup
2375,SHIHO,F cup
2376,志保,D cup
2377,志摩明日香,C cup
2378,島久美子,G cup
2379,嶋ユリア,E cup
2380,島崎かおり,C cup
2381,島田香織,F cup
2382,島田香奈,C cup
2383,島田菜月,C cup
2384,島田仁美,F cup
2385,島田真世,C cup
2386,島田由菜,?? cup
2387,島谷愛,E cup
2388,島谷愛梨,B cup
2389,島谷えり,B cup
2390,島津史穂,C cup
2391,島中千秋,E cup
2392,島村智子,E cup
2393,嶋村なおみ,F cup
2394,清水多恵子,E cup
2395,清水みその,E cup
2396,志水ゆい,D cup
2397,清水優香,D cup
2398,清水ゆかり,C cup
2399,志村玲子,D cup
2400,下崎リカ,B cup
2401,霜月るな,C cup
2402,下原舞,E cup
2403,下山真由美,D cup
2404,志紋ELLE,Q cup
2405,釈迦由美子,C cup
2406,シャンドン萌,G cup
2407,樹莉,?? cup
2408,珠里,B cup
2409,JULIA,J cup
2410,JUNE,G cup
2411,純名きりん,G cup
2412,純名もも,B cup
2413,城エレン,N cup
2414,城市菜緒,C cup
2415,庄司キララ,E cup
2416,翔田千里,D cup
2417,翔乃まゆ,C cup
2418,白井美羽,F cup
2419,白井由美子,C cup
2420,白井由里,B cup
2421,白石あい,D cup
2422,白石歩,C cup
2423,白石かえで,C cup
2424,白石楓,C cup
2425,白石早苗,C cup
2426,白石さゆり,D cup
2427,白石沙里奈,D cup
2428,白石志穂,F cup
2429,白石智佐子,I cup
2430,白石ナナ,E cup
2431,白石七海,?? cup
2432,白石ひとみ,C cup
2433,白石ひより,E cup
2434,白石麻梨子,F cup
2435,白石茉莉奈,G cup
2436,白石美咲,F cup
2437,白石めぐみ,C cup
2438,白石もも,E cup
2439,白石百々,F cup
2440,白石優,E cup
2441,白石里佳,G cup
2442,白川陽奈,E cup
2443,白川ゆかり,E cup
2444,白川由香里,E cup
2445,白河雪乃,E cup
2446,白木千夏,D cup
2447,白木優子,E cup
2448,白坂ちさと,E cup
2449,白坂ゆう,?? cup
2450,白坂百合,F cup
2451,白咲舞,C cup
2452,白砂ゆの,C cup
2453,白澤あげは,G cup
2454,白瀬あいみ,D cup
2455,白瀬エリナ,D cup
2456,白戸もも,?? cup
2457,白鳥あきら,C cup
2458,白鳥さくら,G cup
2459,白鳥寿美礼,K cup
2460,白鳥美鈴,D cup
2461,白鳥みるか,E cup
2462,白鳥美玲,E cup
2463,白鳥ゆき,C cup
2464,白鳥りこ,C cup
2465,白鳥涼子,D cup
2466,白鳥るり,C cup
2467,白鳥麗子,E cup
2468,白浜ゆり,D cup
2469,白浜ユリ,?? cup
2470,白雪彩,H cup
2471,白雪美音,B cup
2472,白雪林檎,C cup
2473,白金せりか,F cup
2474,白岸優,E cup
2475,城崎麻理子,D cup
2476,城田恭子,E cup
2477,白高ちさと,E cup
2478,城本久美,D cup
2479,新城春奈,D cup
2480,新城美稀,D cup
2481,新城みなみ,D cup
2482,真城麗美,F cup
2483,新谷あい,D cup
2484,進藤つみき,?? cup
2485,新堂繭,F cup
2486,神藤美香,G cup
2487,進藤みか,B cup
2488,進藤みく,B cup
2489,新藤みく,B cup
2490,新藤美咲,C cup
2491,進藤美空,C cup
2492,進藤美雪,F cup
2493,新堂有望,C cup
2494,真羅マキ,C cup
2495,末永ひより,C cup
2496,末吉ひより,?? cup
2497,周防ゆきこ,F cup
2498,菅谷もも,G cup
2499,菅谷桃,G cup
2500,菅山かれん,E cup
2501,菅原せいら,E cup
2502,杉浦亜紗美,?? cup
2503,杉浦清香,D cup
2504,杉浦なな,E cup
2505,杉浦美由,C cup
2506,杉浦りの,D cup
2507,杉木彩,C cup
2508,杉崎綾,D cup
2509,杉崎夏希,C cup
2510,杉崎りか,F cup
2511,杉田ひろみ,C cup
2512,杉田美智,F cup
2513,杉菜つくし,E cup
2514,杉並静香,G cup
2515,杉原あゆ,F cup
2516,杉原いずみ,B cup
2517,杉原えり,E cup
2518,すぎはら美里,G cup
2519,杉宮ありさ,B cup
2520,杉本彩子,G cup
2521,杉本はるか,D cup
2522,杉元まりえ,E cup
2523,杉本まりえ,E cup
2524,杉本蘭,E cup
2525,杉本結衣,G cup
2526,スザンナ,D cup
2527,鈴江紋奈,C cup
2528,鈴香音色,J cup
2529,鈴夏ゆらん,D cup
2530,涼果りん,F cup
2531,鈴川さくら,H cup
2532,鈴川ちか,G cup
2533,涼川ゆきの,C cup
2534,鈴木あいか,I cup
2535,鈴木敦子,F cup
2536,鈴木亜里沙,F cup
2537,鈴木ありさ,C cup
2538,鈴木ありす,C cup
2539,鈴木あんな,C cup
2540,鈴木杏里,F cup
2541,鈴木美恵子,D cup
2542,鈴木かおり,C cup
2543,鈴木加奈,E cup
2544,鈴木かな,C cup
2545,鈴木きあら,B cup
2546,鈴木さおり,E cup
2547,鈴木さとみ,G cup
2548,鈴木志帆,G cup
2549,鈴木じゅり,G cup
2550,鈴木環季,E cup
2551,鈴木ちさ,C cup
2552,鈴木千里,C cup
2553,鈴木茶織,E cup
2554,鈴木茶緒,E cup
2555,鈴木なつ,E cup
2556,鈴木雅子,G cup
2557,鈴木麻奈美,B cup
2558,鈴木ミント,C cup
2559,鈴木モモコ,?? cup
2560,鈴木祐美,D cup
2561,鈴木りおな,E cup
2562,鈴木りりか,G cup
2563,すずきりりか,G cup
2564,鈴木ワカ,G cup
2565,鈴本若葉,B cup
2566,鈴木ワコ,G cup
2567,涼白舞,C cup
2568,鈴仲いずみ,D cup
2569,鈴鳴あんり,E cup
2570,鈴音りおな,E cup
2571,鈴原なつき,?? cup
2572,鈴原美樹,L cup
2573,鈴房ありさ,F cup
2574,涼宮こなた,F cup
2575,涼宮ラム,E cup
2576,須田聡子,C cup
2577,ステファニー,F cup
2578,須藤紀子,B cup
2579,春原未来,D cup
2580,周防静花,E cup
2581,須真杏里,E cup
2582,須真杏理,E cup
2583,澄川綾子,B cup
2584,澄川凌子,B cup
2585,澄川ロア,H cup
2586,Sumire,D cup
2587,清家恭子,E cup
2588,Seiko。,B cup
2589,星菜,D cup
2590,聖乃マリア,C cup
2591,SEIYA,E cup
2592,瀬織さら,E cup
2593,瀬川涼子,C cup
2594,関あかね,F cup
2595,関口あき子,E cup
2596,関口亜紀子,E cup
2597,関口あずさ,D cup
2598,関口恵都子,E cup
2599,関口恵津子,E cup
2600,関口梨乃,E cup
2601,関沢麻衣奈,G cup
2602,関野愛美,?? cup
2603,関原泉,C cup
2604,瀬咲るな,E cup
2605,瀬田愛里,C cup
2606,刹那,D cup
2607,瀬戸彩,D cup
2608,瀬戸ありさ,E cup
2609,瀬戸香織,G cup
2610,瀬戸恵子,C cup
2611,瀬戸準,D cup
2612,瀬戸芯,D cup
2613,瀬戸由衣,E cup
2614,瀬戸ゆうき,D cup
2615,SENA,D cup
2616,瀬名あゆむ,C cup
2617,瀬名一花,B cup
2618,瀬名えみり,E cup
2619,瀬名さくら,K cup
2620,瀬奈ジュン,D cup
2621,瀬奈紀香,?? cup
2622,瀬名ひかり,G cup
2623,瀬奈涼,C cup
2624,瀬名涼子,E cup
2625,瀬乃ゆいか,C cup
2626,瀬尾えみり,E cup
2627,妹尾のり子,F cup
2628,瀬谷エミリー,?? cup
2629,芹川佳奈,B cup
2630,芹澤あかね,B cup
2631,芹沢かなえ,B cup
2632,芹澤かなえ,B cup
2633,芹沢樹梨,D cup
2634,芹沢つかさ,E cup
2635,芹沢つむぎ,C cup
2636,芹沢遥,C cup
2637,芹沢まゆら,D cup
2638,芹沢美華,F cup
2639,芹沢ゆい,J cup
2640,芹沢優華,H cup
2641,芹沢裕子,C cup
2642,芹沢恋,B cup
2643,SERINA,D cup
2644,芹那,D cup
2645,芹菜このみ,F cup
2646,芹菜ひなた,F cup
2647,芹奈ゆき,C cup
2648,芹奈ゆき,C cup
2649,瀬玲奈,B cup
2650,千田理子,C cup
2651,千堂明菜,D cup
2652,仙道はるな,D cup
2653,仙道春奈,D cup
2654,千堂まこと,?? cup
2655,千堂ゆりあ,C cup
2656,千羽千鶴,D cup
2657,船場みさと,C cup
2658,千場みさと,C cup
2659,仙葉由季,?? cup
2660,相馬あすか,E cup
2661,相馬すみれ,?? cup
2662,外峰由加里,F cup
2663,園田ユリア,E cup
2664,園原みか,E cup
2665,園原りか,C cup
2666,園部詩織,G cup
2667,園見恵里香,F cup
2668,園見恵理香,F cup
2669,園見えりか,F cup
2670,園村小春,C cup
2671,園村ゆあ,C cup
2672,そらのゆめ,F cup
2673,西村由紀子,B cup
2674,華咲菜々美,B cup
2675,たおか梨華,E cup
2676,高井あずさ,?? cup
2677,高井七海,C cup
2678,高井桃,G cup
2679,高岡紗英,E cup
2680,高岡めぐみ,C cup
2681,高岡由紀,C cup
2682,高樹詩織,D cup
2683,高樹聖良,E cup
2684,高木舞,?? cup
2685,高樹麻衣,F cup
2686,高木麻里,E cup
2687,高樹マリア,?? cup
2688,高城梨沙,K cup
2689,高木愛,G cup
2690,高倉奈緒,D cup
2691,高倉舞,F cup
2692,高倉梨奈,D cup
2693,高坂保奈美,D cup
2694,高坂レイ,D cup
2695,高島彩音,C cup
2696,高島かぐや,?? cup
2697,高島恭子,H cup
2698,高島沙雪,F cup
2699,高嶋しおり,G cup
2700,高島妙子,H cup
2701,高島千代子,C cup
2702,高嶋ののか,F cup
2703,高島凛,E cup
2704,高城みくり,D cup
2705,高城ゆい,G cup
2706,高杉恵那,D cup
2707,高杉美羽,?? cup
2708,高瀬夏希,C cup
2709,高瀬七海,E cup
2710,高瀬ひとみ,I cup
2711,高田ありさ,E cup
2712,高田亜里沙,E cup
2713,高田尚美,H cup
2714,高田はるか,C cup
2715,高田春菜,?? cup
2716,高田真由,D cup
2717,高田美沙,E cup
2718,高田美紗,E cup
2719,高田美由,F cup
2720,高田美遊,F cup
2721,高田由愛,D cup
2722,高田なるみ,D cup
2723,小鳥遊秋葉,?? cup
2724,高梨恋子,D cup
2725,高梨さとみ,E cup
2726,小鳥遊瀬那,?? cup
2727,小鳥遊恋,D cup
2728,高梨れん,D cup
2729,高根みく,?? cup
2730,高野真由美,F cup
2731,高野夕美,D cup
2732,高橋亜紀,C cup
2733,高橋亜弥,D cup
2734,高橋あん,I cup
2735,高橋紗恵,D cup
2736,高橋順,D cup
2737,高橋奈美,D cup
2738,高橋なるみ,D cup
2739,高橋真由美,C cup
2740,高橋みき,D cup
2741,高橋陽子,D cup
2742,高橋涼子,C cup
2743,高橋真樹,D cup
2744,高原奈美,C cup
2745,高原亜貴,C cup
2746,高原あずさ,G cup
2747,高原アヤ,C cup
2748,高原彩,D cup
2749,高原智美,D cup
2750,高見志穂子,E cup
2751,貴水らん,E cup
2752,高嶺さゆり,G cup
2753,高嶺由梨,G cup
2754,鷹宮りょう,D cup
2755,高森あゆみ,F cup
2756,宝部ゆき,C cup
2757,瀧川花音,C cup
2758,滝川けいこ,D cup
2759,瀧沢クリス,C cup
2760,滝澤クリスタル,C cup
2761,滝沢さゆり,E cup
2762,滝沢ひかる,C cup
2763,滝沢美鈴,E cup
2764,滝沢優奈,D cup
2765,滝沢佑香,F cup
2766,滝沢陽子,F cup
2767,滝沢りえ,D cup
2768,滝沢りさ,B cup
2769,滝沢リョウ,D cup
2770,瀧本みほの,G cup
2771,滝沢麻美,?? cup
2772,武久美子,F cup
2773,竹井美佐子,F cup
2774,竹内あい,E cup
2775,竹内沙也,D cup
2776,竹内紗里奈,D cup
2777,竹内順子,E cup
2778,竹内なな,D cup
2779,竹内ゆいな,C cup
2780,竹内結,F cup
2781,竹内柚葉,E cup
2782,武内麻友,D cup
2783,竹沢遥,I cup
2784,竹下彩,E cup
2785,竹下あや,C cup
2786,竹下なな,B cup
2787,竹下奈々,B cup
2788,竹下美鈴,B cup
2789,武下めいな,G cup
2790,武田明日香,E cup
2791,武田歩弓,E cup
2792,武田絵梨,D cup
2793,武田沙樹,D cup
2794,竹田千恵,E cup
2795,竹田雪絵,E cup
2796,武田ゆみ,F cup
2797,竹田ルナ,D cup
2798,竹本千尋,E cup
2799,田崎絵美子,F cup
2800,但馬あおい,D cup
2801,田島綾子,C cup
2802,田島りな,F cup
2803,多田さやか,H cup
2804,多田野明子,C cup
2805,多々野昌稀,C cup
2806,多々野晶稀,C cup
2807,多々野晶希,C cup
2808,多々野まさき,C cup
2809,立花あかね,E cup
2810,立花綾乃,D cup
2811,橘あゆみ,D cup
2812,橘いずみ,F cup
2813,橘エレナ,F cup
2814,立花きらら,D cup
2815,橘くらら,F cup
2816,橘慶子,F cup
2817,たちばな小春,F cup
2818,立花沙希,D cup
2819,立花さや,D cup
2820,立花静,C cup
2821,立花ちせ,C cup
2822,橘なお,H cup
2823,橘ナオミ,?? cup
2824,立花渚,?? cup
2825,橘ヒカリ,D cup
2826,立花瞳,D cup
2827,橘ひなた,D cup
2828,橘ほのか,?? cup
2829,橘まいら,H cup
2830,橘真央,C cup
2831,橘ミオン,F cup
2832,橘未稀,C cup
2833,橘美沙,C cup
2834,立花みずき,F cup
2835,立花美涼,D cup
2836,橘美穂,G cup
2837,橘美保,G cup
2838,立花もえ,C cup
2839,立花優,C cup
2840,橘優香,C cup
2841,立花里子,D cup
2842,立花理子,D cup
2843,立花麗華,?? cup
2844,橘れもん,E cup
2845,立花れん,?? cup
2846,立花樹里亜,C cup
2847,立野ゆり,C cup
2848,辰巳ゆい,F cup
2849,館林直美,F cup
2850,田中愛,D cup
2851,田中亜弥,B cup
2852,田中ありあ,?? cup
2853,田中紗由莉,D cup
2854,田中志乃,?? cup
2855,田中友夏,D cup
2856,田中瞳,L cup
2857,田中宏美,D cup
2858,田中美久,C cup
2859,田中梨子,E cup
2860,田辺エレナ,H cup
2861,谷川しずか,?? cup
2862,谷口恵理子,G cup
2863,谷口みひろ,B cup
2864,谷原香織,D cup
2865,谷村早苗,E cup
2866,谷村都,E cup
2867,田原今日子,D cup
2868,TAMAKI,M cup
2869,たまき,M cup
2870,環あかり,D cup
2871,玉木綾音,?? cup
2872,玉置マリア,E cup
2873,田牧みか,E cup
2874,田丸愛,?? cup
2875,田村円,B cup
2876,田村マリ,E cup
2877,田村結衣,F cup
2878,茅ヶ崎ありす,D cup
2879,茅ヶ崎祐,C cup
2880,茅ヶ崎リサ,E cup
2881,知念しほ,C cup
2882,茅野まりえ,C cup
2883,千葉ゆかり,D cup
2884,チリ・サカシタ,D cup
2885,塚原純子,E cup
2886,塚本ちえみ,B cup
2887,塚本のぞみ,E cup
2888,つかもと友希,D cup
2889,塚本友希,D cup
2890,津川夢叶,C cup
2891,津川麻衣子,C cup
2892,月星子,D cup
2893,月丘うさぎ,D cup
2894,月丘梨奈,D cup
2895,月島愛,E cup
2896,月島葵,D cup
2897,月島うさぎ,F cup
2898,月嶋千恵,C cup
2899,月島のあ,C cup
2900,月嶋美唯,E cup
2901,月島悠里,E cup
2902,月島凜,D cup
2903,月城まおら,G cup
2904,月城ルネ,F cup
2905,月奈リカ,C cup
2906,月野アリア,D cup
2907,月野しずく,E cup
2908,月乃ひかり,E cup
2909,月野姫,D cup
2910,月野みちる,B cup
2911,月乃みちる,B cup
2912,月野りさ,C cup
2913,月羽理名,B cup
2914,月見栞,G cup
2915,月本みほの,G cup
2916,つくし,E cup
2917,辻あずき,D cup
2918,辻彩音,?? cup
2919,辻ありさ,E cup
2920,辻ありす,C cup
2921,辻かおり,C cup
2922,辻ことね,G cup
2923,辻さき,G cup
2924,辻里恵,D cup
2925,辻さやか,E cup
2926,辻友美,D cup
2927,辻晴香,E cup
2928,辻仁美,E cup
2929,辻井みゆ,D cup
2930,辻浦麻衣,G cup
2931,辻本杏,C cup
2932,辻本りょう,E cup
2933,津田由加里,F cup
2934,土永綾香,E cup
2935,土屋かなこ,D cup
2936,土屋ミサ,C cup
2937,堤恵莉那,C cup
2938,堤さやか,D cup
2939,筒見友,C cup
2940,椿かをる,F cup
2941,椿さりな,C cup
2942,椿まひる,C cup
2943,椿まや,D cup
2944,つばき摩耶,D cup
2945,椿美希,G cup
2946,椿みゅう,E cup
2947,つばさ,B cup
2948,翼裕香,E cup
2949,坪倉史歩,E cup
2950,つぼみ,D cup
2951,つゆの優,E cup
2952,鶴瀬愛美,C cup
2953,代田真希,C cup
2954,鶴瀬みく,E cup
2955,鶴田かな,G cup
2956,鶴見朋子,G cup
2957,ティア,H cup
2958,DJ MIYA,D cup
2959,TINA,K cup
2960,手島菜々子,D cup
2961,手塚奈緒,C cup
2962,手塚真由美,G cup
2963,手塚ゆう美,D cup
2964,手塚里菜,B cup
2965,手塚みや,D cup
2966,デヴィ,D cup
2967,寺川愛,E cup
2968,寺崎あいか,B cup
2969,寺崎愛華,B cup
2970,寺澤しのぶ,D cup
2971,寺島泉,D cup
2972,寺野愛,D cup
2973,照沼ファリーザ,D cup
2974,東城えみ,D cup
2975,東条かれん,C cup
2976,東条しほ,D cup
2977,東条志穂,D cup
2978,東条美菜,E cup
2979,東条百合子,B cup
2980,藤堂明美,E cup
2981,藤堂由衣,?? cup
2982,東野愛鈴,C cup
2983,当真ゆき,F cup
2984,遠野あい,B cup
2985,遠野小雪,B cup
2986,遠野ゆき美,F cup
2987,遠山千里,?? cup
2988,戸川純子,F cup
2989,時越芙美江,G cup
2990,時東しずく,E cup
2991,時東つばさ,C cup
2992,常盤桜子,C cup
2993,常盤夏子,C cup
2994,常盤みちる,D cup
2995,常盤みどり,D cup
2996,常盤優子,E cup
2997,常盤りの,D cup
2998,常盤りん,C cup
2999,徳川静香,D cup
3000,徳永絵里,G cup
3001,とこな由羽,D cup
3002,常夏みかん,C cup
3003,登坂菜里子,C cup
3004,登坂茉里子,C cup
3005,戸田アイラ,D cup
3006,戸田さおり,C cup
3007,戸田沙希,E cup
3008,刀根真紀子,D cup
3009,富田理子,B cup
3010,富永寛子,E cup
3011,富永ひろ美,E cup
3012,富永マリア,B cup
3013,富永萌,D cup
3014,富永ルナ,F cup
3015,友亜リノ,E cup
3016,朋香めい,G cup
3017,友坂麗,?? cup
3018,友崎亜希,G cup
3019,友咲ナミ,D cup
3020,知世奏,E cup
3021,友田彩也香,C cup
3022,友田真希,E cup
3023,友田真紀,E cup
3024,友田真樹,E cup
3025,豊嶋渚,C cup
3026,鳥越乃亜,B cup
3027,華原永遠,F cup
3028,山瀬かおり,D cup
3029,名網美咲,E cup
3030,内藤花苗,B cup
3031,奈央,D cup
3032,直居梢,C cup
3033,直井梢,C cup
3034,なおこ,E cup
3035,直嶋あい,B cup
3036,nao.,E cup
3037,直美,E cup
3038,永井あいこ,E cup
3039,永井さくら,C cup
3040,中井千絵,D cup
3041,中居ちはる,F cup
3042,中居ちひろ,F cup
3043,永井智美,D cup
3044,中居真希,?? cup
3045,長井円香,C cup
3046,中井真理子,B cup
3047,仲井麻里子,E cup
3048,中居みゆ,D cup
3049,永井優,B cup
3050,永池未来,D cup
3051,長尾みわ,G cup
3052,中央有紀,G cup
3053,長尾裕美,?? cup
3054,長岡ひろみ,G cup
3055,中川小百合,D cup
3056,中川純,C cup
3057,中川瞳,D cup
3058,中川美由紀,E cup
3059,中川未梨,C cup
3060,中川夢実,E cup
3061,中川ルナ,E cup
3062,長崎きよは,E cup
3063,永作亜美,C cup
3064,中里愛菜,C cup
3065,仲里あずさ,E cup
3066,中里麻里恵,D cup
3067,中西真理香,E cup
3068,中里優奈,D cup
3069,長澤あずさ,I cup
3070,長澤杏奈,C cup
3071,長澤果奈,?? cup
3072,長澤つぐみ,B cup
3073,中澤もえ,B cup
3074,中澤萌,B cup
3075,永沢まおみ,C cup
3076,中沢美穂子,C cup
3077,長澤結衣,D cup
3078,長澤ゆい,D cup
3079,長澤リカ,B cup
3080,長澤りか,B cup
3081,中島あいり,E cup
3082,中島佳代,I cup
3083,中島京子,D cup
3084,中島聡子,E cup
3085,中島佐奈,C cup
3086,中島さな,C cup
3087,中島沙耶,B cup
3088,中島小夜,D cup
3089,中島まゆみ,?? cup
3090,中島桃子,D cup
3091,中島ゆう,C cup
3092,中条美華,C cup
3093,中條美華,C cup
3094,中条ゆかり,C cup
3095,中州悠良,D cup
3096,長瀬愛,C cup
3097,長瀬あい,C cup
3098,長瀬葵,G cup
3099,長瀬茜,E cup
3100,永瀬あき,E cup
3101,長瀬あずさ,C cup
3102,永瀬あずさ,C cup
3103,長瀬まりな,E cup
3104,永瀬マリン,D cup
3105,長瀬みく,B cup
3106,長瀬美代子,F cup
3107,長瀬優子,D cup
3108,永瀬ゆみ,G cup
3109,永瀬留美,B cup
3110,中園貴代美,I cup
3111,仲田亜紀子,B cup
3112,仲田絵美,F cup
3113,仲田絵理,F cup
3114,長田香苗,D cup
3115,中田しこ,B cup
3116,中田真希,E cup
3117,中田結衣,C cup
3118,中田ゆうこ,D cup
3119,長田涼子,F cup
3120,中田川祥子,D cup
3121,中谷あいみ,D cup
3122,中谷美穂,D cup
3123,中塚愛,D cup
3124,中塚芽衣,H cup
3125,長月ラム,D cup
3126,仲夏ゆかり,D cup
3127,仲西彩乃,C cup
3128,中西彩乃,C cup
3129,中西志保,D cup
3130,中西里菜,F cup
3131,中根ゆま,E cup
3132,中野愛里,G cup
3133,中野アキナ,H cup
3134,中野彩,E cup
3135,仲野綾,E cup
3136,中野ありさ,C cup
3137,中野亜梨沙,C cup
3138,中野楓,D cup
3139,仲野香菜,D cup
3140,中野千夏,G cup
3141,仲野希,E cup
3142,中野美紗子,D cup
3143,中野美奈,F cup
3144,中野由佳,A cup
3145,中野ゆかり,D cup
3146,中林まい,?? cup
3147,中林礼子,H cup
3148,中原あき,E cup
3149,中原真央,B cup
3150,中原美智子,G cup
3151,仲間さよ,D cup
3152,仲間みいな,D cup
3153,仲真リカ,C cup
3154,仲間麗奈,E cup
3155,中道淳子,C cup
3156,永峰朋美,M cup
3157,中村あずさ,G cup
3158,中村綾子,G cup
3159,中村綾乃,G cup
3160,中村彩乃,G cup
3161,中村香月,G cup
3162,中村さら,D cup
3163,中村シノ,D cup
3164,中村志乃,D cup
3165,中村しのぶ,D cup
3166,仲村知夏,D cup
3167,中村千夏,E cup
3168,中村遙香,A cup
3169,中村ますみ,G cup
3170,中村まゆ,D cup
3171,中村まりあ,D cup
3172,仲本みなみ,C cup
3173,仲村もも,C cup
3174,中村優花,F cup
3175,中村理恵,B cup
3176,仲村りお,B cup
3177,中村りかこ,G cup
3178,仲村ろみひ,I cup
3179,仲本紗代,D cup
3180,仲本小夜,D cup
3181,中森愛子,?? cup
3182,中森朔夜,F cup
3183,中森玲子,H cup
3184,中山あきな,D cup
3185,中山アンナ,D cup
3186,中山エリス,B cup
3187,中山沙織,E cup
3188,中山ひなの,H cup
3189,中山耀子,?? cup
3190,中山れい子,D cup
3191,渚,C cup
3192,渚ことみ,E cup
3193,渚みわ,G cup
3194,菜倉歩美,C cup
3195,名倉瞳,C cup
3196,名倉ひとみ,C cup
3197,名倉瞳,?? cup
3198,灘ジュン,G cup
3199,灘坂舞,J cup
3200,夏井亜美,E cup
3201,夏川亜咲,F cup
3202,夏川サヤ,D cup
3203,夏川朋美,E cup
3204,夏川瞳,F cup
3205,夏川まゆり,D cup
3206,夏川未来,G cup
3207,夏川優奈,D cup
3208,夏川ゆりの,F cup
3209,夏川るい,D cup
3210,夏木愛美,C cup
3211,夏樹亜矢,D cup
3212,夏木亜矢,D cup
3213,菜月綾,E cup
3214,菜月アンナ,H cup
3215,夏樹カオル,C cup
3216,夏木志保,D cup
3217,那月朱里,E cup
3218,夏木美夕,D cup
3219,夏木メイ,C cup
3220,菜月唯,E cup
3221,夏木優,?? cup
3222,夏樹りおん,F cup
3223,那月りの,E cup
3224,奈月レイナ,?? cup
3225,夏咲まりみ,D cup
3226,夏野かをり,D cup
3227,natsuha,F cup
3228,なつは,F cup
3229,夏原カレン,F cup
3230,なつみ,E cup
3231,夏海エリカ,D cup
3232,夏見しおり,C cup
3233,夏美舞,?? cup
3234,菜摘りんか,D cup
3235,棗,D cup
3236,夏目衣織,C cup
3237,夏目美帆,E cup
3238,夏目しおん,G cup
3239,夏目ちか,G cup
3240,夏目ナナ,G cup
3241,夏目みゆ,C cup
3242,夏目ミュウ,C cup
3243,夏目ゆい,E cup
3244,夏目優希,?? cup
3245,夏目百合,D cup
3246,夏芽涼,E cup
3247,夏目りょう,E cup
3248,夏目るな,E cup
3249,夏目怜子,C cup
3250,名取純子,F cup
3251,名取千春,E cup
3252,名取美知子,F cup
3253,なな,E cup
3254,七色あん,I cup
3255,七色ななか,D cup
3256,七海なな,D cup
3257,七緒果帆,C cup
3258,七咲ちこ,C cup
3259,七咲楓花,C cup
3260,七瀬かすみ,D cup
3261,七瀬かずみ,D cup
3262,七瀬ジュリア,E cup
3263,七瀬ななみ,C cup
3264,七瀬ひな,D cup
3265,七瀬風子,C cup
3266,七瀬舞,E cup
3267,七瀬美香,G cup
3268,七瀬美椰,B cup
3269,七瀬美和,D cup
3270,七瀬ゆい,G cup
3271,七瀬ゆうり,F cup
3272,七瀬りか,G cup
3273,七瀬ルナ,E cup
3274,七瀬蓮,G cup
3275,七葉しほり,G cup
3276,七星ゆき,?? cup
3277,七海智花,G cup
3278,七海菜々,E cup
3279,菜菜美ねい,C cup
3280,七海まりあ,G cup
3281,七海ゆうり,F cup
3282,七海りあ,E cup
3283,七海里佳,G cup
3284,なのかひより,C cup
3285,波風きら,J cup
3286,浪川梨花,E cup
3287,並木芽衣,D cup
3288,並木優,E cup
3289,並樹ゆりあ,C cup
3290,波木麗子,E cup
3291,楢崎かほり,G cup
3292,成田翔子,D cup
3293,成田玖美,E cup
3294,成宮カナ,E cup
3295,成島りゅう,G cup
3296,成瀬あずさ,C cup
3297,成瀬心美,E cup
3298,鳴瀬聖子,D cup
3299,成瀬美穂,D cup
3300,成瀬桃華,B cup
3301,成瀬るな,C cup
3302,鳴瀬れな,G cup
3303,鳴海すず,F cup
3304,鳴海せいら,D cup
3305,成美雪菜,G cup
3306,成宮夏恋,C cup
3307,南条綾奈,?? cup
3308,南野らん,E cup
3309,南波杏,E cup
3310,新尾きり子,D cup
3311,新尾久美,D cup
3312,新垣さくら,F cup
3313,新垣はるか,D cup
3314,新倉麻美,E cup
3315,新里ゆきの,D cup
3316,新島楓,C cup
3317,新島優,B cup
3318,Nina,D cup
3319,新美園子,C cup
3320,新村愛,D cup
3321,新村まり子,D cup
3322,新山莉央,C cup
3323,新山瑠衣,F cup
3324,二岡ちなみ,F cup
3325,二階堂ソフィア,I cup
3326,二階堂里緒,?? cup
3327,西真奈美,E cup
3328,西尾かおり,A cup
3329,西尾京子,D cup
3330,西川亜希子,D cup
3331,西川彩,C cup
3332,西川紗希,F cup
3333,西川咲,F cup
3334,西川ひとみ,D cup
3335,西木美羽,I cup
3336,西木みわ,I cup
3337,西崎美貴子,D cup
3338,西沢さゆり,C cup
3339,西沢美咲,D cup
3340,西島さおり,C cup
3341,西島真帆,G cup
3342,西田麻美,C cup
3343,西田さおり,C cup
3344,西田美沙,F cup
3345,西田有紀,E cup
3346,西田ルナ,D cup
3347,仁科あき,D cup
3348,仁科ひとみ,?? cup
3349,仁科百華,J cup
3350,西野あいか,?? cup
3351,西野あゆり,A cup
3352,西野薫,C cup
3353,西野花梨,G cup
3354,西野佐知子,E cup
3355,西野翔,C cup
3356,西野瞳,E cup
3357,西野まお,C cup
3358,西村祥子,C cup
3359,西村千種,C cup
3360,西村朋美,E cup
3361,西村瞳,D cup
3362,西山希,D cup
3363,西山もも,F cup
3364,新田亜希,F cup
3365,新田亜季,F cup
3366,新田春菜,E cup
3367,新田ひかる,C cup
3368,新田れいま,C cup
3369,新田あくび,E cup
3370,蛯川真里,?? cup
3371,二宮愛香,D cup
3372,二宮亜季,G cup
3373,二宮沙樹,C cup
3374,二宮沙羅,C cup
3375,ＮＥＮＥ,E cup
3376,寧々,E cup
3377,根本香世子,D cup
3378,根元純,E cup
3379,根本純,E cup
3380,根本美香,I cup
3381,根本桃子,I cup
3382,乃亜,B cup
3383,乃木真梨子,C cup
3384,野沢友花,E cup
3385,野島つかさ,B cup
3386,能世愛香,E cup
3387,NOZOMI,G cup
3388,NOZOMI,G cup
3389,のぞみあいり,B cup
3390,希あいり,B cup
3391,希美まゆ,C cup
3392,野田歩,E cup
3393,野田菜々美,B cup
3394,能登亜実花,D cup
3395,野中あんり,A cup
3396,野中みき,B cup
3397,乃南悠里,H cup
3398,ののか,?? cup
3399,乃々果花,I cup
3400,野乃原あい,?? cup
3401,二宮ナナ,C cup
3402,野々宮ヒカル,?? cup
3403,野々宮りん,D cup
3404,野々村智美,D cup
3405,野々村みゆき,?? cup
3406,野間愛美,H cup
3407,能見場りんこ,C cup
3408,野宮美憂,E cup
3409,野宮凛子,C cup
3410,野村彩香,F cup
3411,野村美穂,C cup
3412,野村心結,C cup
3413,野村芽菜,D cup
3414,野村優,D cup
3415,野村裕菜,C cup
3416,野村葉子,C cup
3417,野村レナ,?? cup
3418,野本ちとせ,C cup
3419,羽賀あきら,C cup
3420,萩原亜紀,B cup
3421,萩原かなえ,G cup
3422,荻原さやか,D cup
3423,萩原さやか,D cup
3424,萩原舞,E cup
3425,萩原めぐ,G cup
3426,荻原めぐ,G cup
3427,萩原理恵,D cup
3428,橋岡麻衣,G cup
3429,橋口さつき,D cup
3430,橋野真紀,C cup
3431,橋本彩,B cup
3432,橋本しずか,E cup
3433,橋本樹里,?? cup
3434,橋本美歩,D cup
3435,橋本幸恵,E cup
3436,蓮井志帆,C cup
3437,蓮井みのり,?? cup
3438,葉月菜穂,H cup
3439,葉月奈穂,H cup
3440,葉月由良,D cup
3441,葉月るい,C cup
3442,羽純,C cup
3443,蓮美カレン,F cup
3444,蓮見麗奈,D cup
3445,蓮美恋,D cup
3446,蓮見ゆうか,E cup
3447,長谷真理香,D cup
3448,長谷梨花,E cup
3449,長谷川亜沙,E cup
3450,長谷川亜矢,D cup
3451,長谷川あゆみ,D cup
3452,長谷川杏実,G cup
3453,長谷川杏美,G cup
3454,長谷川さやか,D cup
3455,長谷川サヤカ,H cup
3456,長谷川しずく,C cup
3457,長谷川聖那,G cup
3458,長谷川ちひろ,B cup
3459,長谷川千穂,E cup
3460,長谷川なぁみ,E cup
3461,長谷川なあみ,E cup
3462,長谷川瞳,E cup
3463,長谷川まな,E cup
3464,長谷川麻弥,D cup
3465,長谷川真夕,C cup
3466,長谷川まゆか,D cup
3467,長谷川まりあ,G cup
3468,長谷川美香,G cup
3469,長谷川美紅,E cup
3470,長谷川ミク,D cup
3471,長谷川みく,D cup
3472,長谷川めい,D cup
3473,長谷川優,C cup
3474,長谷川ゆな,F cup
3475,長谷川夢,F cup
3476,長谷川有里,D cup
3477,長谷川リオ,?? cup
3478,長谷川里帆,E cup
3479,長谷川リホ,F cup
3480,長谷川りほ,F cup
3481,長谷川涼,C cup
3482,長谷川留美子,D cup
3483,畑中パイン,F cup
3484,畑中美雪,E cup
3485,波多野沙耶,E cup
3486,波多野結衣,E cup
3487,葉月ありさ,B cup
3488,葉月かんな,C cup
3489,葉月紗絢,C cup
3490,葉月さよ,D cup
3491,葉月しおり,C cup
3492,葉月しずか,C cup
3493,葉月樹里,C cup
3494,羽月希,E cup
3495,葉月美緒,E cup
3496,葉月美里,B cup
3497,葉月みりあ,C cup
3498,葉月ゆず,D cup
3499,葉月麗,E cup
3500,葉月ゆめ,C cup
3501,初音みのり,H cup
3502,初美沙希,E cup
3503,初音さきえ,E cup
3504,初美りおん,C cup
3505,鳩谷紗彩,G cup
3506,葉鳥やや,G cup
3507,華美月,G cup
3508,花井メイサ,H cup
3509,花井桃,G cup
3510,花川ひらり,H cup
3511,花木あのん,H cup
3512,花桐まつり,E cup
3513,花桐茉莉,E cup
3514,華咲真冬,E cup
3515,華咲レイ,E cup
3516,華城咲,E cup
3517,花田由美,D cup
3518,花鳥レイ,E cup
3519,花野真衣,F cup
3520,花見ひな,?? cup
3521,花美ひな,H cup
3522,花宮あみ,D cup
3523,花村いづみ,D cup
3524,花村沙知,D cup
3525,花本まゆ,B cup
3526,羽川るな,E cup
3527,羽沢愛,C cup
3528,羽田あい,D cup
3529,羽田美佐子,G cup
3530,羽田未来,G cup
3531,羽田桃子,C cup
3532,羽田夕夏,H cup
3533,羽野理沙,H cup
3534,浜咲恵利,N cup
3535,浜崎まゆみ,?? cup
3536,浜崎瑞穂,C cup
3537,浜崎りお,H cup
3538,浜田絵梨,E cup
3539,浜名優衣,G cup
3540,浜野ことね,D cup
3541,浜本美貴,D cup
3542,早川瀬里奈,D cup
3543,早川美晴,E cup
3544,早川夕紀,D cup
3545,早川莉穂,E cup
3546,早川凛,D cup
3547,早坂愛,D cup
3548,早坂愛梨,D cup
3549,早坂あずき,?? cup
3550,早坂ひとみ,C cup
3551,早坂めぐ,G cup
3552,早坂玲央,?? cup
3553,早崎めぐみ,E cup
3554,早崎れおん,E cup
3555,林泉水,D cup
3556,林なお,E cup
3557,林みづき,G cup
3558,林美穂,?? cup
3559,林留美,?? cup
3560,林原栄子,D cup
3561,早瀬志穂,C cup
3562,早瀬麻衣,D cup
3563,早津美奈子,E cup
3564,葉山あかね,G cup
3565,葉山加奈子,H cup
3566,葉山くみこ,H cup
3567,葉山純子,H cup
3568,葉山のり子,?? cup
3569,葉山みく,D cup
3570,葉山みく,D cup
3571,葉山みなみ,C cup
3572,葉山唯,C cup
3573,葉山由佳,E cup
3574,葉山リカ,?? cup
3575,葉山リサ,H cup
3576,葉山梨々花,F cup
3577,葉山瑠菜,C cup
3578,速水かすみ,F cup
3579,速水花恵,G cup
3580,早見瞳,?? cup
3581,速水真保,?? cup
3582,速見百花,G cup
3583,速水百花,G cup
3584,早見ゆかり,?? cup
3585,速水凛,C cup
3586,早見るり,D cup
3587,速水怜,F cup
3588,早見れい,F cup
3589,早宮なる美,D cup
3590,原あき奈,D cup
3591,原明奈,D cup
3592,原小雪,F cup
3593,原紗央莉,E cup
3594,原早苗,E cup
3595,原更紗,D cup
3596,原千尋,C cup
3597,原真希代,G cup
3598,原沢さな,D cup
3599,原田明絵,B cup
3600,原田ジュン,D cup
3601,原田ちか,B cup
3602,はらだはるな,C cup
3603,原田麻理,G cup
3604,原田実紗,C cup
3605,原田美沙,C cup
3606,はる,E cup
3607,ＨＡＬ,G cup
3608,春さくら,H cup
3609,HARUKA,E cup
3610,晴華京子,F cup
3611,遥花しいな,?? cup
3612,遥奈歩,D cup
3613,はるか真菜,C cup
3614,遥美結,D cup
3615,遥めい,C cup
3616,遥めぐみ,F cup
3617,はるか悠,G cup
3618,遥結愛,?? cup
3619,春香ルリ,C cup
3620,春香るり,C cup
3621,晴華れい,F cup
3622,春風えみ,E cup
3623,春川あさみ,F cup
3624,春川純,C cup
3625,春川リサ,C cup
3626,HARUKI,G cup
3627,春木彩奈,?? cup
3628,春咲あずみ,F cup
3629,春名えみ,D cup
3630,春菜はな,K cup
3631,春菜まい,H cup
3632,春名れい,?? cup
3633,春野さくら,D cup
3634,春乃はな,G cup
3635,春野みく,D cup
3636,春野優,D cup
3637,春妃いぶき,D cup
3638,春馬ゆな,E cup
3639,春美,E cup
3640,春本優菜,?? cup
3641,春矢つばさ,C cup
3642,春山ちえり,I cup
3643,範田紗々,I cup
3644,柊かえで,C cup
3645,柊リン,G cup
3646,柊麗子,F cup
3647,柊めい,E cup
3648,東早苗,D cup
3649,東尾真子,D cup
3650,東尾由佳里,D cup
3651,東山郁美,C cup
3652,hikaru,G cup
3653,樋口啓子,C cup
3654,樋口冴子,E cup
3655,樋口夕希,D cup
3656,樋口弓,?? cup
3657,樋口玲奈,C cup
3658,緋咲アンナ,G cup
3659,聖まこと,?? cup
3660,日高マリア,B cup
3661,日高ゆりあ,E cup
3662,秀吉小夜子,F cup
3663,美藤れん,G cup
3664,Hitomi,L cup
3665,ひとみ楓,?? cup
3666,瞳りな,?? cup
3667,瞳リョウ,E cup
3668,瞳りん,E cup
3669,瞳れん,E cup
3670,陽菜,B cup
3671,雛形りく,D cup
3672,ひなこ,D cup
3673,HINAKO,H cup
3674,雛子ひな,C cup
3675,日向小春,E cup
3676,日向奈津子,G cup
3677,日向まひる,C cup
3678,日向ももか,B cup
3679,日向ゆみ,G cup
3680,日向裕美,G cup
3681,ひなの,D cup
3682,雛乃つばめ,F cup
3683,ひなのりく,D cup
3684,比奈野りく,D cup
3685,雛丸,D cup
3686,日野愛子,C cup
3687,日野雫,C cup
3688,妃乃ひかり,G cup
3689,日野まひる,C cup
3690,日野麻理子,E cup
3691,日野美沙,B cup
3692,比野由美子,F cup
3693,響愛莉,G cup
3694,響エル,E cup
3695,響鳴音,I cup
3696,日比野真理,C cup
3697,氷室あずみ,D cup
3698,姫川麗,G cup
3699,姫川きよは,E cup
3700,姫咲しゅり,D cup
3701,姫咲ひな,D cup
3702,姫咲まりあ,E cup
3703,姫咲ゆき,E cup
3704,姫咲りりあ,G cup
3705,姫島瑠梨香,D cup
3706,姫条ゆき,C cup
3707,姫野愛,C cup
3708,姫乃杏,C cup
3709,姫野杏,C cup
3710,姫乃あん,C cup
3711,姫野えみ,E cup
3712,姫乃えみ,D cup
3713,姫乃えみり,D cup
3714,姫野楓,G cup
3715,姫野香,C cup
3716,姫野京香,D cup
3717,姫乃さやか,?? cup
3718,姫野未来,D cup
3719,姫乃未来,D cup
3720,姫野もも,F cup
3721,姫野ゆうり,M cup
3722,媛乃蘭,C cup
3723,姫野りく,D cup
3724,姫野りむ,D cup
3725,姫宮エリカ,H cup
3726,姫宮しおり,C cup
3727,姫宮ラム,E cup
3728,桧山かおり,D cup
3729,日向小夏,C cup
3730,日向なつき,F cup
3731,日向まお,F cup
3732,氷咲沙弥,G cup
3733,Hiyoko,?? cup
3734,日吉ルミコ,C cup
3735,平井綾,F cup
3736,平井七菜子,E cup
3737,平井麻耶,D cup
3738,平井まりあ,C cup
3739,平泉奈々生,B cup
3740,平井美奈子,D cup
3741,平岡歩,D cup
3742,平岡ゆい,E cup
3743,平川小雪,D cup
3744,平川奈美,D cup
3745,平子エミリ,E cup
3746,平塚ゆい,E cup
3747,平沢里菜子,C cup
3748,平瀬りょう,G cup
3749,平野あみ,?? cup
3750,平野加奈子,D cup
3751,平野奈々,D cup
3752,平原心,D cup
3753,平原麻紀,E cup
3754,平松恵理香,D cup
3755,平山薫,G cup
3756,平山加奈,E cup
3757,平山こずえ,C cup
3758,平山たかね,F cup
3759,平山麻衣,D cup
3760,平山みな,D cup
3761,平山もえ,E cup
3762,平梨もも,D cup
3763,宏岡みらい,D cup
3764,広崎彩,E cup
3765,弘前亮子,C cup
3766,広沢由美,G cup
3767,広末希未,F cup
3768,広未京子,C cup
3769,広末奈緒,A cup
3770,広末ゆり子,C cup
3771,広瀬えり,F cup
3772,広瀬奈央美,D cup
3773,広瀬直美,D cup
3774,広瀬奈緒美,D cup
3775,広澤なつみ,D cup
3776,広瀬真希,G cup
3777,広瀬ゆかり,E cup
3778,広瀬ゆな,G cup
3779,広瀬友莉子,F cup
3780,広瀬流利,B cup
3781,広瀬藍子,C cup
3782,広田さくら,C cup
3783,廣田まりこ,C cup
3784,ひろの,D cup
3785,広野夏子,C cup
3786,広畑加代子,G cup
3787,hiromi,D cup
3788,ふーか,C cup
3789,風果なつ,D cup
3790,風子,P cup
3791,深田梨菜,F cup
3792,深田梨奈,F cup
3793,深田涼子,C cup
3794,深津映見,D cup
3795,深津理沙,D cup
3796,深山眞希,?? cup
3797,福井さくら,C cup
3798,福沢京子,?? cup
3799,福田佳代,C cup
3800,福田舞香,?? cup
3801,福田みき,D cup
3802,福永ミカ,C cup
3803,福橋由芽,D cup
3804,福原さやか,D cup
3805,福元美砂恵,E cup
3806,福山さやか,D cup
3807,福山優,I cup
3808,福山洋子,G cup
3809,藤井彩,E cup
3810,藤井シェリー,D cup
3811,藤井美希,F cup
3812,藤井ゆず,D cup
3813,藤井レイナ,E cup
3814,藤池れみ,H cup
3815,藤浦めぐ,H cup
3816,藤岡美樹,E cup
3817,藤川なつみ,E cup
3818,藤川結子,D cup
3819,藤川唯,B cup
3820,藤木ナオ,D cup
3821,藤木なお,D cup
3822,藤木那奈,D cup
3823,藤木のえる,E cup
3824,藤木涼子,D cup
3825,藤木ルイ,C cup
3826,藤木れもん,B cup
3827,藤北彩香,D cup
3828,藤咲飛鳥,F cup
3829,藤崎彩花,F cup
3830,藤咲うらら,E cup
3831,藤咲かおり,D cup
3832,藤崎薫,C cup
3833,藤崎クロエ,H cup
3834,藤咲沙耶,F cup
3835,藤崎まい,D cup
3836,藤本美咲,B cup
3837,藤咲ゆうか,F cup
3838,藤崎夕凪,D cup
3839,藤咲らん,C cup
3840,藤崎りお,D cup
3841,藤崎梨々花,G cup
3842,藤沢かんな,D cup
3843,藤沢カンナ,D cup
3844,藤沢ひな,C cup
3845,藤沢マリ,D cup
3846,藤沢まりあ,E cup
3847,藤沢理名,E cup
3848,藤沢ルイ,C cup
3849,藤沢芳恵,D cup
3850,藤沢ローラ,E cup
3851,藤嶋唯,D cup
3852,藤白まき,C cup
3853,藤城麻紀,C cup
3854,藤城麻紀,C cup
3855,藤城雪音,C cup
3856,藤田紀美子,H cup
3857,藤田樹里奈,F cup
3858,藤槻ありさ,C cup
3859,藤月ちはる,B cup
3860,藤野みゆき,C cup
3861,藤ノ宮礼美,O cup
3862,藤間ゆかり,G cup
3863,藤美淑子,D cup
3864,藤宮櫻花,G cup
3865,藤村あおい,G cup
3866,藤本あかね,C cup
3867,藤本あみ,C cup
3868,藤本AYAY,?? cup
3869,藤本カレン,C cup
3870,藤本紀久子,D cup
3871,藤本ちさと,D cup
3872,藤本みか,B cup
3873,藤本リーナ,D cup
3874,藤森あかね,E cup
3875,藤森かおり,E cup
3876,藤森加奈子,B cup
3877,藤森ねね,D cup
3878,藤森みゆき,C cup
3879,藤森由夏,?? cup
3880,藤吉由美子,H cup
3881,藤原絵理香,F cup
3882,藤井恵里佳,F cup
3883,藤原さくら,G cup
3884,藤原史歩,K cup
3885,藤原ひとみ,E cup
3886,藤原りな,C cup
3887,双葉このみ,B cup
3888,不動美樹,E cup
3889,船倉奈美,B cup
3890,吹雪あかね,C cup
3891,風吹逸見,C cup
3892,吹雪かすみ,H cup
3893,風吹桜子,G cup
3894,文月,D cup
3895,冬月かえで,C cup
3896,冬月ひなの,D cup
3897,冬野みずき,?? cup
3898,古河由摩,D cup
3899,古瀬理恵,G cup
3900,ふわり,C cup
3901,平和島結希,E cup
3902,ベティ・リン,H cup
3903,紅城まゆ,I cup
3904,辺見麻衣,D cup
3905,北条あみ,G cup
3906,北条かな,C cup
3907,北条可奈子,C cup
3908,宝生奈々,B cup
3909,北条麻妃,D cup
3910,北条マユ,F cup
3911,北条美里,F cup
3912,宝生優果,H cup
3913,北条香里,E cup
3914,宝生瑠璃,B cup
3915,宝月ひかる,D cup
3916,蓬莱かすみ,?? cup
3917,宝来みゆき,D cup
3918,保坂芽衣,E cup
3919,保坂祐美子,B cup
3920,保坂友利子,E cup
3921,星あかね,D cup
3922,星ありす,I cup
3923,星アンジェ,C cup
3924,星杏奈,G cup
3925,星ひなた,?? cup
3926,星優乃,D cup
3927,星川麻美,E cup
3928,星川なつ,D cup
3929,星川ヒカル,G cup
3930,星川美里,D cup
3931,星川ゆり,D cup
3932,星川ルル,E cup
3933,星倉なぎさ,D cup
3934,星崎アンリ,E cup
3935,星崎あんり,E cup
3936,星崎キララ,B cup
3937,星咲七花,D cup
3938,星咲ひかる,K cup
3939,星崎瞳,C cup
3940,星崎マリナ,H cup
3941,星咲優菜,H cup
3942,星沢マリ,D cup
3943,星沢まり,D cup
3944,星島ちさ,G cup
3945,星空みちる,?? cup
3946,星塚愛,C cup
3947,星月まゆら,C cup
3948,星名麗,F cup
3949,星野愛,E cup
3950,星野愛,G cup
3951,星野あいか,F cup
3952,星野愛花,F cup
3953,星野あかり,F cup
3954,ほしのあすか,A cup
3955,星野飛鳥,A cup
3956,星野あすか,A cup
3957,星野あやか,D cup
3958,星野彩花,D cup
3959,星野彩香,D cup
3960,星野いずみ,E cup
3961,星野かなこ,E cup
3962,星野沙智子,G cup
3963,星野静香,D cup
3964,星乃せあら,E cup
3965,星野声奈,E cup
3966,星川たつみ,E cup
3967,星川龍美,E cup
3968,星野ちさ,G cup
3969,星野なな,D cup
3970,星野ナミ,G cup
3971,ほしのひかり,F cup
3972,ほしの光莉,F cup
3973,星野ひとみ,D cup
3974,星野瞳,D cup
3975,星乃舞,B cup
3976,星野まい,F cup
3977,星野マキ,G cup
3978,ほしのまき,F cup
3979,星野まどか,D cup
3980,星野みかん,?? cup
3981,ほしのみゆ,C cup
3982,星野みらい,C cup
3983,星野桃,B cup
3984,星野優奈,D cup
3985,ほしのゆき,D cup
3986,ほしの佑美,C cup
3987,ほしのゆり,E cup
3988,星原亜美,E cup
3989,星美りか,?? cup
3990,星山里穂,G cup
3991,細川恵美,G cup
3992,細川しのぶ,G cup
3993,細川マキ,E cup
3994,細川まり,E cup
3995,細川マリ,E cup
3996,細川めぐ,C cup
3997,穂高奈月,D cup
3998,堀田あけみ,F cup
3999,堀田友紀子,E cup
4000,穂波さやか,F cup
4001,穂花,F cup
4002,ほのか美優,D cup
4003,ほのか優,D cup
4004,堀井まき,D cup
4005,堀内まい,?? cup
4006,堀江クララ,E cup
4007,堀江友里香,E cup
4008,堀江ルイ,H cup
4009,堀切忍,C cup
4010,堀口奈津美,F cup
4011,堀越香奈,B cup
4012,堀越麻耶,F cup
4013,堀咲りあ,E cup
4014,本城さゆり,?? cup
4015,本城小百合,E cup
4016,本城さゆり,E cup
4017,本城さりな,F cup
4018,本上はるか,F cup
4019,本田絵美,H cup
4020,本田澄子,F cup
4021,本田奈々美,C cup
4022,本田ナミ,B cup
4023,本田美樹,F cup
4024,本真ゆり,H cup
4025,舞雪,F cup
4026,舞織瑠姫,D cup
4027,Maika,D cup
4028,舞咲みくに,G cup
4029,舞園麗奈,E cup
4030,舞野まや,F cup
4031,舞乃るあ,E cup
4032,舞野るあ,E cup
4033,舞浜朱里,D cup
4034,前島あみ,B cup
4035,前島エリナ,E cup
4036,前嶋エリナ,E cup
4037,前島京子,D cup
4038,前嶋美歩,E cup
4039,前田明日香,G cup
4040,前田かおり,D cup
4041,前田千春,?? cup
4042,前田ちひろ,D cup
4043,前田陽菜,D cup
4044,前田美沙,B cup
4045,前田優希,H cup
4046,前乃さとみ,D cup
4047,前野佑子,C cup
4048,前原友紀,C cup
4049,前原裕子,H cup
4050,前原佳恵,E cup
4051,真央♪,G cup
4052,真央瞳,G cup
4053,真壁美奈子,B cup
4054,MAKI,C cup
4055,眞木あずさ,E cup
4056,真木あんな,E cup
4057,真木奏,G cup
4058,真木今日子,G cup
4059,真木こころ,I cup
4060,牧美里,G cup
4061,真木怜子,E cup
4062,真紀子,H cup
4063,牧瀬ことみ,E cup
4064,牧瀬美央,D cup
4065,真希波れい,C cup
4066,牧野志穂,C cup
4067,牧野祥子,A cup
4068,牧野遥,D cup
4069,牧野美咲,D cup
4070,牧野ゆうひ,G cup
4071,牧野リカ,D cup
4072,牧野田彩,C cup
4073,牧原れい子,D cup
4074,牧原麗子,D cup
4075,牧本千幸,D cup
4076,まこ,C cup
4077,真咲南朋,D cup
4078,真咲菜々,E cup
4079,真咲奈々,E cup
4080,真崎寧々,D cup
4081,真咲華,E cup
4082,ましおるか,D cup
4083,ましろ杏,H cup
4084,真白希実,D cup
4085,増田ゆり子,G cup
4086,増田留美,D cup
4087,増田絵理,F cup
4088,町田早紀,E cup
4089,町田美佐子,B cup
4090,町田みなみ,D cup
4091,町田弥生,D cup
4092,町田ゆい,B cup
4093,町田瑠美,C cup
4094,町村小夜子,F cup
4095,松すみれ,I cup
4096,松ひかる,B cup
4097,松井さくら,E cup
4098,松井菜央美,C cup
4099,松井はるか,F cup
4100,松浦亜美,G cup
4101,松浦日向子,D cup
4102,松浦ふみか,G cup
4103,松浦唯,?? cup
4104,松浦ユキ,G cup
4105,松浦ゆき,G cup
4106,松浦ゆら,?? cup
4107,松岡恵理佳,D cup
4108,松岡貴美子,B cup
4109,松岡菜摘,D cup
4110,松岡理穂,E cup
4111,松岡りほ,E cup
4112,松金めぐみ,I cup
4113,松生彩,D cup
4114,松坂明海,E cup
4115,松坂季実子,H cup
4116,松坂静,F cup
4117,松坂樹梨,G cup
4118,松坂南,L cup
4119,松坂みるく,J cup
4120,松坂洋子,C cup
4121,松坂るい,G cup
4122,松沢はな,C cup
4123,松沢真理,G cup
4124,松下ひかり,B cup
4125,松下真央,E cup
4126,松下美咲,D cup
4127,松下美里,E cup
4128,松下桃香,?? cup
4129,松下ゆうか,F cup
4130,松下ゆきの,B cup
4131,松下瑠衣,D cup
4132,松下怜,C cup
4133,松島あいり,?? cup
4134,松島あかね,G cup
4135,松嶋杏,C cup
4136,松嶋楓,C cup
4137,松島かえで,D cup
4138,松嶋かえで,D cup
4139,松嶋耶弥,G cup
4140,松島やや,G cup
4141,松嶋やや,G cup
4142,松嶋友里恵,D cup
4143,松嶋ルリ,D cup
4144,松島るり,D cup
4145,松島ルリ,D cup
4146,松嶋るり,D cup
4147,松嶋れいな,G cup
4148,松田亜美,E cup
4149,松田早紀,C cup
4150,松田早紀,E cup
4151,松永翼,C cup
4152,松野弘子,G cup
4153,松野ゆい,D cup
4154,松野井雅,E cup
4155,松葉まどか,C cup
4156,松橋まりこ,C cup
4157,松原ゆき,?? cup
4158,松原ゆき,D cup
4159,松原ゆきの,D cup
4160,松村かすみ,E cup
4161,松村ちはや,G cup
4162,松本あきえ,D cup
4163,松本アヤ,F cup
4164,松本ありさ,D cup
4165,松本亜梨沙,D cup
4166,松本亜璃沙,D cup
4167,松本絵理,D cup
4168,松本佳代子,D cup
4169,松本加代子,D cup
4170,松本奈美,F cup
4171,松本春奈,F cup
4172,松本麻衣子,D cup
4173,松本まりな,C cup
4174,松本美奈,E cup
4175,松本美海,?? cup
4176,松本もなか,C cup
4177,松本ゆき,D cup
4178,松本リカ,E cup
4179,松本ルイ,C cup
4180,松山樹里,G cup
4181,松山真琴,C cup
4182,松山ゆかり,C cup
4183,MADOCA,C cup
4184,的場怜,D cup
4185,まなか,D cup
4186,真中いずみ,D cup
4187,真中かおり,E cup
4188,真中優,F cup
4189,真中ゆうき,M cup
4190,真中ゆかり,E cup
4191,真中ゆり,C cup
4192,真中莉子,D cup
4193,真夏イルカ,?? cup
4194,真夏かがり,J cup
4195,真鍋あや,G cup
4196,真鍋彩子,G cup
4197,真鍋京香,C cup
4198,真鍋紗愛,H cup
4199,真鍋美奈,B cup
4200,まなみ,B cup
4201,真波紫乃,D cup
4202,真野汐里,C cup
4203,真野夕菜,D cup
4204,まひる,E cup
4205,まひるゆう,D cup
4206,間宮いずみ,B cup
4207,間宮恭子,F cup
4208,間宮ココ,F cup
4209,間宮ここ,F cup
4210,間宮志乃,G cup
4211,間宮千晶,F cup
4212,真宮梨沙子,D cup
4213,麻宮良子,G cup
4214,間宮怜子,?? cup
4215,摩耶,C cup
4216,MAYA,F cup
4217,真矢涼子,F cup
4218,MAYUKA,D cup
4219,眞雪ゆん,G cup
4220,黛まりな,B cup
4221,黛ミキ,D cup
4222,繭麗,D cup
4223,MARI,B cup
4224,MARIA,C cup
4225,マリア・ディゾン,?? cup
4226,真理絵,E cup
4227,マリア・エリヨリ,C cup
4228,まりか,D cup
4229,茉莉香,D cup
4230,茉莉花,F cup
4231,森田美鈴,G cup
4232,MARINA,E cup
4233,真梨邑ケイ,D cup
4234,MARIMO,F cup
4235,まりやまい,?? cup
4236,まりりん,F cup
4237,Marin.,E cup
4238,丸山茜,E cup
4239,Maron,F cup
4240,三浦あいか,C cup
4241,三浦あかね,A cup
4242,三浦亜沙妃,C cup
4243,三浦ありさ,G cup
4244,三浦香織,D cup
4245,三浦加奈,C cup
4246,三浦久美子,E cup
4247,三浦幸恵,D cup
4248,三浦彰子,F cup
4249,三浦涼花,E cup
4250,三浦友美,A cup
4251,三浦直緒,C cup
4252,三浦奈緒,C cup
4253,三浦ハルカ,C cup
4254,三浦まい,D cup
4255,三浦雅代,C cup
4256,三浦まどか,F cup
4257,三浦芽依,G cup
4258,三浦芽衣,G cup
4259,澪,F cup
4260,美緒みくる,G cup
4261,美花ぬりぇ,C cup
4262,美神あおい,D cup
4263,三上亜理紗,G cup
4264,美神エル,E cup
4265,美神さゆり,I cup
4266,三上翔子,D cup
4267,美上セリ,C cup
4268,三上優子,F cup
4269,美上梨奈,C cup
4270,三上涼子,E cup
4271,美神ルナ,E cup
4272,三河あん,D cup
4273,MIKI,C cup
4274,三木亜矢美,?? cup
4275,三木藤乃,F cup
4276,MiCO,G cup
4277,みこと,D cup
4278,MISAKI,D cup
4279,三崎明日香,C cup
4280,三咲エリナ,D cup
4281,三咲えりな,D cup
4282,水咲カレン,?? cup
4283,三咲恭子,G cup
4284,美咲沙耶,E cup
4285,美咲静,C cup
4286,岬じゅん,D cup
4287,美咲マリ,F cup
4288,三咲マリナ,D cup
4289,美咲みゆ,D cup
4290,美咲モモ香,G cup
4291,美咲唯,G cup
4292,美咲結衣,F cup
4293,岬リサ,E cup
4294,美咲レイ,D cup
4295,美咲礼,D cup
4296,美咲恋,F cup
4297,みさと,C cup
4298,美里かすみ,E cup
4299,美里このみ,F cup
4300,美里真理,E cup
4301,美里まり,E cup
4302,美里みく,B cup
4303,美里ミリ,?? cup
4304,三里ゆりか,D cup
4305,美里凛,G cup
4306,三沢真由美,?? cup
4307,三沢幸恵,D cup
4308,美嶋茜,G cup
4309,三嶋沙希,D cup
4310,三嶋泰子,D cup
4311,三島里穂,?? cup
4312,美島涼,C cup
4313,三島夏紀,F cup
4314,三須みずほ,C cup
4315,水朝美樹,E cup
4316,水枝ゆい,E cup
4317,水上百合,D cup
4318,水川菜々子,?? cup
4319,美杉あすか,D cup
4320,水来亜矢,E cup
4321,水樹英理奈,B cup
4322,水木このみ,D cup
4323,みずき紗英,E cup
4324,水樹たま,J cup
4325,水城奈緒,G cup
4326,瑞樹なな,G cup
4327,水樹ねね,?? cup
4328,観月優,D cup
4329,水木百合,D cup
4330,水樹りさ,C cup
4331,水木涼,E cup
4332,ミズキレイナ,E cup
4333,水姫麗奈,E cup
4334,水崎あい,H cup
4335,水咲ありみ,E cup
4336,水咲りん,B cup
4337,水澤アイサ,D cup
4338,水沢愛音,E cup
4339,水沢楓,C cup
4340,水沢かおり,E cup
4341,水沢杏香,?? cup
4342,水澤このみ,B cup
4343,水沢さより,F cup
4344,水沢ダイヤ,F cup
4345,水沢舞,D cup
4346,水澤まお,C cup
4347,水沢真樹,D cup
4348,水沢真未来,D cup
4349,水沢ゆりか,?? cup
4350,水澤りの,C cup
4351,水沢芦花,?? cup
4352,水嶋あい,D cup
4353,水嶋アイ,D cup
4354,水嶋愛,D cup
4355,水嶋あずさ,D cup
4356,水嶋あずみ,D cup
4357,水嶋彩,D cup
4358,水島彩,D cup
4359,水嶋恵里菜,C cup
4360,水嶋沙織,F cup
4361,みずしまちはる,I cup
4362,水嶋友穂,E cup
4363,水城ゆうか,G cup
4364,水城凛,C cup
4365,美鈴マヤ,F cup
4366,水添愛子,D cup
4367,水谷ケイ,G cup
4368,水谷心音,D cup
4369,水谷さとみ,D cup
4370,水谷ひとみ,F cup
4371,水谷真希,F cup
4372,水谷マリ,B cup
4373,水島みれい,C cup
4374,水谷桃,D cup
4375,水谷るい,E cup
4376,水玉レモン,C cup
4377,みずなあんり,F cup
4378,みずなれい,C cup
4379,水野愛里,E cup
4380,水野あおい,G cup
4381,水野あかり,E cup
4382,水野秋穂,D cup
4383,水野あすみ,F cup
4384,水野佳代子,F cup
4385,水乃かりん,E cup
4386,水野さやか,B cup
4387,水野紫苑,F cup
4388,水野華々,C cup
4389,水野奈菜,C cup
4390,水野ひとみ,D cup
4391,水野美香,E cup
4392,水野唯,F cup
4393,水瀬優,F cup
4394,水野ゆか,G cup
4395,水野由香莉,E cup
4396,水野怜,F cup
4397,水橋みく,C cup
4398,水原みなみ,D cup
4399,水原めい,C cup
4400,水原里香,C cup
4401,みずほゆき,E cup
4402,三角美紀子,E cup
4403,水本佳菜,C cup
4404,水元みな,D cup
4405,水元美菜,D cup
4406,水元ゆうな,E cup
4407,水元鈴乃,C cup
4408,水森あおい,G cup
4409,水森一葉,G cup
4410,水森れん,H cup
4411,美瀬純,E cup
4412,溝口詩緒,C cup
4413,溝口汐里,E cup
4414,みそら,D cup
4415,美空あいり,B cup
4416,美空あやか,E cup
4417,美空陽子,E cup
4418,美空おんぷ,E cup
4419,三田涼子,E cup
4420,美岳雪乃,D cup
4421,美竹涼子,E cup
4422,三田村夕希,D cup
4423,美智子小夜曲,F cup
4424,三津なつみ,E cup
4425,蜜井とわ,J cup
4426,美月,F cup
4427,三月あん,E cup
4428,みづき伊織,D cup
4429,美月このみ,I cup
4430,観月さな,?? cup
4431,観月樹音,E cup
4432,みづき菜奈,E cup
4433,蜜木ひな,D cup
4434,美月ゆう子,D cup
4435,美月リア,B cup
4436,水月涼,D cup
4437,美月りり,C cup
4438,美月れいな,E cup
4439,観月若菜,D cup
4440,観月るか,E cup
4441,みづなれい,C cup
4442,三ツ星りぼん,G cup
4443,蜜美あい,H cup
4444,蜜美愛,H cup
4445,緑川茜,C cup
4446,みな,C cup
4447,水上まい,F cup
4448,美袋うさぎ,?? cup
4449,水口蓮美,C cup
4450,水無瀬はづき,G cup
4451,みなせ優夏,H cup
4452,水無月レイラ,E cup
4453,みなとあゆみ,F cup
4454,湊莉久,D cup
4455,南ゆかり,H cup
4456,みなみ,C cup
4457,みなみ,E cup
4458,南あおい,C cup
4459,南波彩,E cup
4460,南あやか,C cup
4461,南彩菜,D cup
4462,南綾奈,?? cup
4463,南えり,E cup
4464,南久美子,G cup
4465,南沙也香,H cup
4466,南しずか,D cup
4467,南翔子,E cup
4468,南セイラ,?? cup
4469,みなみ瀬奈,E cup
4470,南ちづる,D cup
4471,南千夏,C cup
4472,南つかさ,F cup
4473,南ともか,D cup
4474,南なな,D cup
4475,南ナミ,G cup
4476,みなみのこ,C cup
4477,南雅子,D cup
4478,みなみまり,C cup
4479,南まりん,E cup
4480,南芽衣奈,G cup
4481,南芽梨,B cup
4482,南ももか,D cup
4483,南ゆう,E cup
4484,南優子,E cup
4485,南ゆり,?? cup
4486,美並らん,E cup
4487,南梨央奈,?? cup
4488,南麗美,D cup
4489,南レイ,I cup
4490,南乃彩花,E cup
4491,南野あかり,F cup
4492,南原香織,D cup
4493,源すず,C cup
4494,みなもとみいな,D cup
4495,源みいな,E cup
4496,峰くるみ,A cup
4497,峰なゆか,H cup
4498,美祢藤コウ,G cup
4499,三橋秋奈,G cup
4500,三橋ひより,?? cup
4501,美肌なち,E cup
4502,美花ゆり,D cup
4503,美原咲子,H cup
4504,MIHARU,D cup
4505,みひろ,B cup
4506,mimi,C cup
4507,ミムラ佳奈,D cup
4508,三村佳奈,D cup
4509,宮内つぐみ,F cup
4510,宮川あき,D cup
4511,宮川五月,I cup
4512,宮川有美子,C cup
4513,三宅秋穂,D cup
4514,三宅美幸,F cup
4515,宮坂レイア,G cup
4516,宮崎あい,H cup
4517,宮崎あいか,C cup
4518,宮崎彩香,E cup
4519,宮崎佳代,D cup
4520,宮崎詩織,C cup
4521,宮咲志帆,C cup
4522,宮崎奈緒,C cup
4523,宮崎由麻,F cup
4524,宮里さくら,D cup
4525,宮里裕香,?? cup
4526,宮澤ケイト,D cup
4527,宮沢しほ,E cup
4528,宮沢みき,D cup
4529,宮澤ゆうな,D cup
4530,宮沢りさこ,F cup
4531,宮路奈々,B cup
4532,宮路なな,B cup
4533,宮下杏奈,C cup
4534,宮下ちさと,D cup
4535,宮下ちはる,E cup
4536,宮下つばさ,E cup
4537,宮下まい,?? cup
4538,宮下真央,E cup
4539,宮下真紀,D cup
4540,宮下リカ,C cup
4541,宮嶋あおい,A cup
4542,宮島紀子,D cup
4543,宮嶋めぐみ,A cup
4544,宮瀬リコ,B cup
4545,宮田愛子,H cup
4546,宮田まり,K cup
4547,宮地奈々,B cup
4548,宮間葵,E cup
4549,美山蘭子,F cup
4550,宮村涼子,F cup
4551,宮村恋,D cup
4552,宮本はづき,D cup
4553,宮本真美,C cup
4554,宮本まみ,C cup
4555,宮本真実,C cup
4556,宮本みのり,C cup
4557,宮沢ユウコ,?? cup
4558,宮良ちせ,C cup
4559,ミュウ,C cup
4560,MEW,D cup
4561,美優千奈,G cup
4562,MIYUKI,D cup
4563,MIYUKI,C cup
4564,美雪ありす,E cup
4565,明星ちかげ,F cup
4566,三好佐世子,H cup
4567,未来,J cup
4568,MIWA,I cup
4569,美羽かのん,C cup
4570,向井千晶,D cup
4571,向井浩子,G cup
4572,向井ゆうき,E cup
4573,向井莉奈,E cup
4574,向井恋,E cup
4575,睦美杏奈,D cup
4576,武藤クレア,H cup
4577,武藤由来,E cup
4578,村井留美子,C cup
4579,村井留美子,C cup
4580,村上葵,E cup
4581,村上アンナ,I cup
4582,村上和希,E cup
4583,村上真里,C cup
4584,村上美咲,C cup
4585,村上里沙,D cup
4586,村上涼子,G cup
4587,村越まりあ,C cup
4588,紫葵,G cup
4589,紫綾乃,F cup
4590,紫彩乃,F cup
4591,むらさき真珠,G cup
4592,村瀬沙緒里,D cup
4593,村瀬さやか,D cup
4594,村瀬朱理,F cup
4595,村瀬麻衣子,F cup
4596,村瀬優花,D cup
4597,村西まりな,C cup
4598,村正つるき,C cup
4599,村山明日香,E cup
4600,村山恵子,C cup
4601,室井喜久恵,C cup
4602,室井貴子,D cup
4603,室田円,C cup
4604,女池さゆり,H cup
4605,芽菜,D cup
4606,芽衣奈,G cup
4607,MEGU,D cup
4608,MECUMI,D cup
4609,恵けい,K cup
4610,めぐり,H cup
4611,萌,F cup
4612,もえみ,C cup
4613,MOKA,G cup
4614,モカ,G cup
4615,持田茜,E cup
4616,持田彩菜,F cup
4617,持田すずみ,D cup
4618,持田ヒカリ,E cup
4619,持田由依,F cup
4620,望月伊織,E cup
4621,望月加奈,G cup
4622,望月かれん,E cup
4623,望月けい,J cup
4624,望月小百合,E cup
4625,望月セイレ,B cup
4626,望月せり,D cup
4627,望月ちはや,?? cup
4628,望月ちひろ,E cup
4629,望月朋子,G cup
4630,望月なつこ,F cup
4631,望月奈々,C cup
4632,望月なな,I cup
4633,望月みすず,H cup
4634,望月優,?? cup
4635,望月涼子,C cup
4636,望月るあ,E cup
4637,元木ひなよ,D cup
4638,本宮栞,E cup
4639,本宮しおり,E cup
4640,本山優希,F cup
4641,紅葉紅葉,G cup
4642,MO☆MO,G cup
4643,MOMO,G cup
4644,桃井えみ,G cup
4645,桃井早苗,?? cup
4646,桃依さら,B cup
4647,桃井なつみ,E cup
4648,桃井望,F cup
4649,桃井りか,G cup
4650,桃井りん,C cup
4651,桃色バンビ,D cup
4652,百華,B cup
4653,桃香,J cup
4654,百花エミリ,G cup
4655,ももかさくら,G cup
4656,美々桃香,D cup
4657,百華リオン,C cup
4658,桃子,H cup
4659,百咲ひなの,D cup
4660,桃咲まなみ,G cup
4661,百瀬愛里,C cup
4662,桃瀬えみる,C cup
4663,桃瀬かなえ,?? cup
4664,百瀬しずか,E cup
4665,百瀬ひかる,?? cup
4666,桃瀬ひかる,C cup
4667,桃瀬ほたる,H cup
4668,百瀬まひる,G cup
4669,桃瀬ゆうな,D cup
4670,百瀬涼,H cup
4671,桃瀬れな,?? cup
4672,桃音まみる,C cup
4673,桃乃かおり,E cup
4674,桃野なごみ,E cup
4675,桃宮もも,G cup
4676,森ななこ,G cup
4677,森なるみ,?? cup
4678,森みお,C cup
4679,森美咲,C cup
4680,森雪那,D cup
4681,森ゆきな,H cup
4682,森由紀菜,H cup
4683,森雪奈,H cup
4684,森ゆきる,H cup
4685,盛川あきこ,D cup
4686,森川あみ,D cup
4687,森川亜美,D cup
4688,森川真羽,C cup
4689,森川れな,?? cup
4690,森雫,B cup
4691,森下愛,D cup
4692,森下あみ,G cup
4693,森下彩乃,D cup
4694,森下えりか,H cup
4695,森下くるみ,C cup
4696,森下さやか,F cup
4697,森下多佳子,F cup
4698,森下はるひ,B cup
4699,森下理音,G cup
4700,森嶋かおり,E cup
4701,森園えりか,D cup
4702,森田史奈,B cup
4703,森谷みう,C cup
4704,もりとまりな,G cup
4705,森永ひよこ,H cup
4706,守永未明,F cup
4707,森野いちご,?? cup
4708,森野雫,D cup
4709,森野はる,C cup
4710,森原由紀,C cup
4711,森宮美雪,B cup
4712,森村はるか,D cup
4713,森本舞子,D cup
4714,森本みく,B cup
4715,森本裕子,E cup
4716,森山あずみ,D cup
4717,森山綾乃,C cup
4718,森山あゆみ,B cup
4719,守山かんな,D cup
4720,諸星セイラ,H cup
4721,紋舞らん,F cup
4722,優香りあ,E cup
4723,八上寿々音,G cup
4724,八神はるか,D cup
4725,八神れおん,F cup
4726,八木あずさ,L cup
4727,矢口あみか,F cup
4728,矢口美里,?? cup
4729,矢口莉奈,?? cup
4730,矢口りな,?? cup
4731,矢崎茜,A cup
4732,矢崎美佳,E cup
4733,やざわかりん,C cup
4734,矢沢のん,H cup
4735,矢沢もえ,F cup
4736,矢沢優歩,D cup
4737,矢沢りん,C cup
4738,矢沢るい,D cup
4739,矢島麻衣子,C cup
4740,安江公子,E cup
4741,安岡たまき,M cup
4742,安田香織,B cup
4743,安田朋美,D cup
4744,安原真美,H cup
4745,安村玲美,E cup
4746,矢田あき,B cup
4747,矢田亜季,C cup
4748,矢田瞳,D cup
4749,矢藤あき,G cup
4750,柳井瞳,E cup
4751,柳こずえ,?? cup
4752,柳抄織,F cup
4753,柳詩絵,G cup
4754,柳田晶子,D cup
4755,柳木美麗,E cup
4756,柳田やよい,F cup
4757,柳原あかり,C cup
4758,矢野沙紀,C cup
4759,矢野奈美子,D cup
4760,矢野美雪,D cup
4761,矢吹杏,G cup
4762,矢吹はるか,?? cup
4763,矢吹マリア,D cup
4764,矢吹りこ,?? cup
4765,矢吹涼華,D cup
4766,矢吹涼子,F cup
4767,矢吹怜子,E cup
4768,矢辺めぐみ,C cup
4769,山内紗耶香,G cup
4770,山内沙耶香,G cup
4771,山内智子,F cup
4772,山河ほたる,C cup
4773,山口愛子,C cup
4774,山口絵里香,C cup
4775,山口珠理,E cup
4776,山口ジュリ,E cup
4777,山口樹里,E cup
4778,山口智美,D cup
4779,山口まゆ,E cup
4780,山口真理,E cup
4781,山口美花,D cup
4782,山口めぐみ,A cup
4783,山口素子,C cup
4784,山口裕未,A cup
4785,山口リエ,F cup
4786,やまぐちりく,E cup
4787,やまぐちりこ,F cup
4788,山口玲子,H cup
4789,山口若菜,D cup
4790,山咲あかり,H cup
4791,山崎亜美,D cup
4792,山崎香織,C cup
4793,山咲ほのか,C cup
4794,山咲舞,E cup
4795,山崎澪,E cup
4796,山崎由紀恵,F cup
4797,山下久美,G cup
4798,山下ことね,J cup
4799,山下仁美,G cup
4800,山下真奈,D cup
4801,山下真美,B cup
4802,山下真耶,E cup
4803,山下美代子,?? cup
4804,山下優,E cup
4805,山下優子,E cup
4806,山下涼子,G cup
4807,山城美姫,D cup
4808,山瀬奏,E cup
4809,山田いずみ,C cup
4810,山田泉美,D cup
4811,山田菜々,D cup
4812,山田幸子,D cup
4813,山田陽子,D cup
4814,山田和歌子,C cup
4815,大和るか,D cup
4816,大和ルカ,D cup
4817,山梨ゆず,D cup
4818,山根かすみ,D cup
4819,山根裕香,D cup
4820,やまのあかね,B cup
4821,山野潤子,D cup
4822,山吹瞳,D cup
4823,山吹広美,C cup
4824,山咲百合子,D cup
4825,山本加奈子,?? cup
4826,山本ちづこ,D cup
4827,山本艶子,E cup
4828,山本真由,D cup
4829,山本美和子,E cup
4830,山本沙良,I cup
4831,弥生舞,?? cup
4832,ゆぁ,C cup
4833,結衣,D cup
4834,結衣美沙,D cup
4835,結花ゆず香,E cup
4836,YUU,A cup
4837,YOU,F cup
4838,優希,C cup
4839,憂木愛美,C cup
4840,優木あおい,D cup
4841,優木あおい,C cup
4842,優希あさみ,D cup
4843,優木明日花,E cup
4844,結城綾音,G cup
4845,結城アンナ,C cup
4846,結城杏奈,C cup
4847,結城悦子,D cup
4848,有紀かな,D cup
4849,結城佳奈,D cup
4850,結城花梨,C cup
4851,結城かれん,E cup
4852,優木さくら,H cup
4853,ゆうきさやか,E cup
4854,有希ちな,E cup
4855,結城はるか,C cup
4856,優木ひかる,D cup
4857,憂木ひとみ,D cup
4858,憂木瞳,D cup
4859,夕樹舞子,D cup
4860,ゆうき真央,G cup
4861,優希まこと,D cup
4862,優木まみ,C cup
4863,結城マリア,E cup
4864,結城まりあ,E cup
4865,結城みさ,E cup
4866,結城モナ,L cup
4867,結城りさ,E cup
4868,結城リナ,D cup
4869,優木リノア,?? cup
4870,ゆうきりり,F cup
4871,優木ルナ,C cup
4872,結希玲衣,D cup
4873,you.,?? cup
4874,夕日ちづる,?? cup
4875,優美あい,F cup
4876,結良詩絵,C cup
4877,ユカ,F cup
4878,湯川沙耶,D cup
4879,YUKI,C cup
4880,ゆきこ,E cup
4881,雪乃（E-cup）,E cup
4882,雪乃,C cup
4883,雪野小春,D cup
4884,雪乃しずく,E cup
4885,雪野ひかる,H cup
4886,雪乃ほたる,D cup
4887,雪乃まひる,I cup
4888,雪野みほ,H cup
4889,雪見紗枝子,F cup
4890,雪見紗弥,D cup
4891,雪見ほのか,D cup
4892,雪水沙耶,D cup
4893,雪村ななみ,?? cup
4894,遊佐七海,F cup
4895,湯沢多喜子,G cup
4896,柚木あや,F cup
4897,弓月杏里,D cup
4898,柚木ティナ,C cup
4899,柚木真奈,C cup
4900,柚月ルナ,?? cup
4901,柚奈りり,D cup
4902,柚本紗希,C cup
4903,柚本舞,F cup
4904,柚月ひかる,D cup
4905,柚木ひかる,D cup
4906,ゆずき舞,D cup
4907,悠月舞,D cup
4908,結月里奈,?? cup
4909,由月理帆,E cup
4910,柚ノ木りん,I cup
4911,YUME,K cup
4912,由愛可奈,D cup
4913,夢野ありさ,G cup
4914,夢乃春香,F cup
4915,夢野雛,H cup
4916,夢野ひよこ,H cup
4917,夢野まりあ,P cup
4918,夢乃ゆめ,?? cup
4919,夢見あい,G cup
4920,夢実あくび,E cup
4921,夢美ここ,G cup
4922,夢見ほのか,F cup
4923,湯本千夏,?? cup
4924,ゆりあ,C cup
4925,優梨愛,C cup
4926,百合川さら,D cup
4927,YURINA,D cup
4928,百合野もも,D cup
4929,YOKO,C cup
4930,横内利香,C cup
4931,横尾奈々,D cup
4932,横川ちづる,C cup
4933,横須賀ねね,C cup
4934,横浜ナナ,C cup
4935,横山あさ美,B cup
4936,横山カヨ,E cup
4937,横山翔子,C cup
4938,横山美雪,C cup
4939,横山みれい,H cup
4940,与謝野美沙,F cup
4941,吉井ほのか,?? cup
4942,吉井美希,D cup
4943,よしい美希,D cup
4944,吉井みな,C cup
4945,吉井りお,C cup
4946,吉尾弘美,K cup
4947,吉岡奈々子,D cup
4948,吉岡美佳,G cup
4949,吉岡麗奈,D cup
4950,吉川あいみ,H cup
4951,吉川秋穂,D cup
4952,吉川麻美,D cup
4953,吉川あや,C cup
4954,吉川亜矢,C cup
4955,吉川月香,C cup
4956,吉川ひなこ,D cup
4957,吉川萌,D cup
4958,吉川桃,H cup
4959,吉川ゆあ,E cup
4960,吉川ゆう,G cup
4961,吉川莉奈,C cup
4962,吉川れな,C cup
4963,吉川真紀,D cup
4964,小森涼,C cup
4965,吉崎紗南,E cup
4966,吉崎直緒,E cup
4967,吉沢亜希子,D cup
4968,吉沢明歩,E cup
4969,吉沢咲良,D cup
4970,吉沢秀美,F cup
4971,吉澤ひろみ,D cup
4972,吉澤麻衣子,D cup
4973,吉沢真利子,C cup
4974,吉沢みなみ,F cup
4975,吉沢美穂,?? cup
4976,吉澤友貴,E cup
4977,吉澤留美,G cup
4978,吉澤レイカ,D cup
4979,吉田敦子,A cup
4980,吉田あゆみ,B cup
4981,吉田花,F cup
4982,吉田博子,E cup
4983,吉田舞,E cup
4984,吉田みき,D cup
4985,吉田遼子,C cup
4986,吉竹倫子,C cup
4987,吉塚みゆき,H cup
4988,吉永なつき,F cup
4989,吉永瞳,E cup
4990,吉永りさ子,?? cup
4991,吉野麻美,E cup
4992,吉野琴絵,G cup
4993,吉野サリー,D cup
4994,吉野純奈,D cup
4995,吉野珠美,F cup
4996,吉乃ひとみ,E cup
4997,吉野瞳,E cup
4998,吉野真緒,D cup
4999,芳野弥生,E cup
5000,吉原ミィナ,A cup
5001,吉美さあや,F cup
5002,吉村あきの,C cup
5003,吉村裕美佳,D cup
5004,芳本葉月,?? cup
5005,依田里美,E cup
5006,四葉っ娘,D cup
5007,米井貴子,F cup
5008,米倉夏弥,E cup
5009,米倉恭子,E cup
5010,らいむ,F cup
5011,Lum,H cup
5012,RAMU,H cup
5013,ラム,H cup
5014,裸夢,H cup
5015,徠夢,H cup
5016,RARA,D cup
5017,蘭,D cup
5018,蘭望美,B cup
5019,梨杏,D cup
5020,Rio,C cup
5021,RIONA,B cup
5022,リオナ,B cup
5023,RION,C cup
5024,RICA,C cup
5025,リコ,G cup
5026,RICO,E cup
5027,Risa,D cup
5028,理沙子,D cup
5029,リナ・ディソン,C cup
5030,リナ・ディゾン,C cup
5031,りのあ,F cup
5032,RYU,D cup
5033,りょう,C cup
5034,Ryo,E cup
5035,RiRi,F cup
5036,梨々衣,B cup
5037,梨々花,B cup
5038,りりか,B cup
5039,RIRICO,G cup
5040,RIRIKO,G cup
5041,りりこ,G cup
5042,りん。,B cup
5043,RIN,G cup
5044,Rinka,D cup
5045,リンダ,B cup
5046,Rin.,B cup
5047,凛音ハル,E cup
5048,凛音涼子,G cup
5049,流海,D cup
5050,RUCA,D cup
5051,流川純,F cup
5052,瑠川リナ,D cup
5053,☆LUNA☆,E cup
5054,瑠菜,D cup
5055,留美,C cup
5056,RUMIKA,C cup
5057,REI,G cup
5058,REI,F cup
5059,零忍,C cup
5060,麗花,E cup
5061,玲子,D cup
5062,REINA,B cup
5063,LEYNA,F cup
5064,玲実,D cup
5065,Roco,D cup
5066,若草よつは,D cup
5067,若瀬七海,D cup
5068,若槻えりか,D cup
5069,若槻早苗,F cup
5070,若月樹里,E cup
5071,若槻千春,E cup
5072,若槻尚美,E cup
5073,若槻ななこ,D cup
5074,若槻ゆめ,C cup
5075,若菜,D cup
5076,若菜あゆみ,E cup
5077,若菜瀬奈,D cup
5078,若菜はるひ,?? cup
5079,若菜ひかる,F cup
5080,若菜ひな,C cup
5081,若葉あゆみ,E cup
5082,若葉かおり,E cup
5083,若葉薫子,E cup
5084,若葉くるみ,D cup
5085,若葉こころ,C cup
5086,若葉ひかる,G cup
5087,若葉ひな,C cup
5088,若葉ひより,D cup
5089,若林恵美子,E cup
5090,若林樹里,D cup
5091,若杉知香,E cup
5092,若林ひかる,G cup
5093,若林美保,D cup
5094,若林もも,F cup
5095,若林優,D cup
5096,若林由香梨,G cup
5097,若林リカ,D cup
5098,若林留美,G cup
5099,若松結花,B cup
5100,若宮莉那,I cup
5101,若宮リナ,I cup
5102,わさび,C cup
5103,渡野夕芽,E cup
5104,渡瀬晶,D cup
5105,渡瀬安奈,B cup
5106,渡瀬有華,E cup
5107,渡辺美奈保,E cup
5108,渡辺モニカ,D cup
5109,渡辺弓絵,F cup
5110,綿貫沙織,E cup
5111,綿貫芽衣子,F cup
5112,渡部梓,E cup
